Gene ID	Gene Name	Reference	Strand	Start	End	Coverage	FPKM	TPM
ENSG00000206195	DUXAP8	22	+	15784959	15829984	0.000000	0.000000	0.000000
ENSG00000271127	LL22NC03-N64E9.1	22	+	15796959	15798346	0.000000	0.000000	0.000000
ENSG00000232775	BMS1P22	22	-	15805263	15820884	0.000000	0.000000	0.000000
ENSG00000272872	LL22NC03-N14H11.1	22	+	15823197	15823890	0.000000	0.000000	0.000000
ENSG00000271672	DUXAP8	22	+	15826566	15827187	0.000000	0.000000	0.000000
ENSG00000237689	AC007064.24	22	+	16869478	16871126	0.000000	0.000000	0.000000
ENSG00000273203	AC006946.16	22	+	17067821	17070675	0.000000	0.000000	0.000000
ENSG00000237438	CECR7	22	+	17036570	17060825	0.000000	0.000000	0.000000
ENSG00000100181	TPTEP1	22	+	16601887	16698742	0.000000	0.000000	0.000000
ENSG00000283633	AC005301.9	22	+	16601911	16615111	0.000000	0.000000	0.000000
ENSG00000267338	KB-7G2.9	22	+	16616170	16617114	0.000000	0.000000	0.000000
ENSG00000249288	SLC25A15P5	22	-	16645695	16646581	0.000000	0.000000	0.000000
ENSG00000249263	PARP4P3	22	-	16653892	16659628	0.000000	0.000000	0.000000
ENSG00000189295	ANKRD62P1-PARP4P3	22	-	16654066	16675540	0.000000	0.000000	0.000000
ENSG00000259271	ANKRD62P1	22	-	16671090	16679493	0.000000	0.000000	0.000000
ENSG00000273244	KB-7G2.8	22	-	16676016	16694648	0.000000	0.000000	0.000000
ENSG00000241717	VWFP1	22	-	16690103	16704477	0.000000	0.000000	0.000000
ENSG00000183307	CECR6	22	-	17116299	17121367	0.000000	0.000000	0.000000
ENSG00000280156	AC006548.28	22	-	16950086	17034417	0.000000	0.000000	0.000000
ENSG00000215568	GAB4	22	-	16961936	17008222	0.000000	0.000000	0.000000
ENSG00000270226	AC006548.26	22	+	17012404	17012932	0.000000	0.000000	0.000000
ENSG00000276400	VN1R9P	22	-	17021398	17022570	0.000000	0.000000	0.000000
ENSG00000235478	AC006946.15	22	+	17121586	17132104	0.000000	0.000000	0.000000
ENSG00000177663	IL17RA	22	+	17084954	17115694	1.007297	54.546467	83.040726
ENSG00000235328	AC006946.12	22	-	17093612	17093939	0.000000	0.000000	0.000000
ENSG00000069998	CECR5	22	-	17137511	17165287	0.000000	0.000000	0.000000
ENSG00000185837	CECR5-AS1	22	+	17159384	17165445	0.000000	0.000000	0.000000
ENSG00000093072	CECR1	22	-	17178790	17221989	0.000000	0.000000	0.000000
ENSG00000236325	AC005300.5	22	+	17192936	17193308	0.000000	0.000000	0.000000
ENSG00000203416	FAM32BP	22	+	17213516	17214155	0.000000	0.000000	0.000000
ENSG00000099954	CECR2	22	+	17359949	17558149	0.155052	97.930260	149.087570
ENSG00000229492	AC004019.10	22	+	17418697	17419828	0.000000	0.000000	0.000000
ENSG00000232305	CLCP1	22	-	17424388	17424775	0.000000	0.000000	0.000000
ENSG00000228045	DNAJA1P6	22	-	17518676	17519029	0.000000	0.000000	0.000000
ENSG00000182902	SLC25A18	22	+	17563439	17590994	2.953468	341.399506	519.741577
ENSG00000236754	AC004019.13	22	-	17580157	17589192	0.000000	0.000000	0.000000
ENSG00000131100	ATP6V1E1	22	-	17592136	17628818	18.886337	2306.499512	3511.380859
ENSG00000099968	BCL2L13	22	+	17628855	17730855	0.684523	259.993530	395.810272
ENSG00000015475	BID	22	-	17734138	17774770	1.190427	109.417366	166.575378
ENSG00000264757	MIR3198-1	22	-	17764180	17764259	0.000000	0.000000	0.000000
ENSG00000184979	USP18	22	+	18149899	18177397	0.000000	0.000000	0.000000
ENSG00000274044	AC011718.2	22	-	18361823	18391105	0.000000	0.000000	0.000000
ENSG00000276874	AC011718.3	22	+	18374106	18375689	0.000000	0.000000	0.000000
ENSG00000225335	XXbac-B476C20.9	22	-	18076527	18078884	0.000000	0.000000	0.000000
ENSG00000215193	PEX26	22	+	18077920	18131138	1.227923	175.812103	267.653748
ENSG00000236890	XXbac-B476C20.11	22	-	18081466	18081675	0.000000	0.000000	0.000000
ENSG00000235617	XXbac-B476C20.10	22	+	18101612	18101888	0.000000	0.000000	0.000000
ENSG00000225225	ARL2BPP10	22	-	18102457	18103649	0.000000	0.000000	0.000000
ENSG00000183785	TUBA8	22	+	18110331	18146554	0.928969	345.540955	526.046448
ENSG00000280007	AC008079.10	22	-	18110759	18131154	0.000000	0.000000	0.000000
ENSG00000278558	TMEM191B	22	+	18527802	18530573	0.000000	0.000000	0.000000
ENSG00000243156	MICAL3	22	-	17787649	18024559	1.260470	335.348663	510.529846
ENSG00000093100	XXbac-B461K10.4	22	-	17787652	17811497	0.000000	0.000000	0.000000
ENSG00000207780	MIR648	22	-	17980868	17980961	0.000000	0.000000	0.000000
ENSG00000235445	XXbac-B476C20.14	22	-	17983205	17983619	0.000000	0.000000	0.000000
ENSG00000234913	XXbac-B476C20.13	22	-	18004270	18007308	0.000000	0.000000	0.000000
ENSG00000237446	RHEBP3	22	+	18019214	18020200	0.000000	0.000000	0.000000
ENSG00000222630	RN7SKP131	22	-	18605802	18606102	0.000000	0.000000	0.000000
ENSG00000275793	RIMBP3	22	-	18605815	18611919	0.000000	0.000000	0.000000
ENSG00000274602	PI4KAP1	22	-	18533646	18577968	1.017233	98.896202	150.558121
ENSG00000241527	CA15P1	22	-	19031564	19034564	0.000000	0.000000	0.000000
ENSG00000260924	LINC01311	22	+	19171395	19172839	0.000000	0.000000	0.000000
ENSG00000100075	SLC25A1	22	-	19175575	19178830	2.201336	144.412537	219.851517
ENSG00000100056	DGCR14	22	-	19130279	19144684	1.261187	72.424019	110.257248
ENSG00000206203	TSSK2	22	+	19130808	19132623	0.000000	0.000000	0.000000
ENSG00000070413	DGCR2	22	-	19036282	19122454	5.351566	515.225769	784.372070
ENSG00000206739	Y_RNA	22	+	19045256	19045367	0.000000	0.000000	0.000000
ENSG00000273311	DGCR11	22	-	19046162	19048375	0.000000	0.000000	0.000000
ENSG00000237347	AC004461.4	22	+	19055801	19056512	0.000000	0.000000	0.000000
ENSG00000281530	DGCR12	22	-	19061041	19061843	0.000000	0.000000	0.000000
ENSG00000223461	AC004471.9	22	+	19121529	19124503	0.000000	0.000000	0.000000
ENSG00000272682	AC004471.10	22	-	19124309	19128449	0.000000	0.000000	0.000000
ENSG00000231086	TSSK1A	22	+	19124879	19125646	0.000000	0.000000	0.000000
ENSG00000093009	CDC45	22	+	19479459	19520612	0.000000	0.000000	0.000000
ENSG00000184113	CLDN5	22	-	19523024	19527545	2.250443	274.938812	418.562775
ENSG00000100084	HIRA	22	-	19330698	19447450	2.883694	157.770050	240.186798
ENSG00000242259	C22orf39	22	-	19351368	19448232	0.899513	170.937027	260.231995
ENSG00000244296	RN7SL168P	22	+	19365766	19366044	0.000000	0.000000	0.000000
ENSG00000185608	MRPL40	22	+	19431902	19436075	2.268702	165.786118	252.390320
ENSG00000185065	AC000068.5	22	+	19447893	19450105	0.000000	0.000000	0.000000
ENSG00000070010	UFD1L	22	-	19449910	19479215	0.630695	56.410263	85.878159
ENSG00000273300	AC000068.9	22	+	19454179	19454605	0.000000	0.000000	0.000000
ENSG00000273212	AC000068.10	22	+	19456503	19456962	0.000000	0.000000	0.000000
ENSG00000273907	CA15P2	22	-	18636445	18638405	0.000000	0.000000	0.000000
ENSG00000273643	PPP1R26P2	22	-	18650023	18653617	0.000000	0.000000	0.000000
ENSG00000278008	PPP1R26P4	22	+	18715815	18719341	0.000000	0.000000	0.000000
ENSG00000182824	AC008132.15	22	+	18733914	18757906	0.000000	0.000000	0.000000
ENSG00000197421	GGT3P	22	-	18773665	18843399	0.000000	0.000000	0.000000
ENSG00000239989	AC008132.14	22	-	18794414	18794804	0.000000	0.000000	0.000000
ENSG00000234764	E2F6P1	22	+	18833694	18834438	0.000000	0.000000	0.000000
ENSG00000161103	AC008132.13	22	+	18846811	18861049	0.000000	0.000000	0.000000
ENSG00000215544	BCRP7	22	-	18855621	18858640	0.000000	0.000000	0.000000
ENSG00000276095	AC008103.3	22	-	18873543	18894407	0.000000	0.000000	0.000000
ENSG00000279987	AC008103.4	22	-	18883502	18884682	0.000000	0.000000	0.000000
ENSG00000183628	DGCR6	22	+	18906028	18914238	1.776014	295.696472	450.163910
ENSG00000100033	PRODH	22	-	18912777	18936553	1.349756	248.022339	377.585510
ENSG00000279560	AC007326.1	22	+	18945123	18946971	0.000000	0.000000	0.000000
ENSG00000280418	AC007326.10	22	-	18951934	18959512	0.000000	0.000000	0.000000
ENSG00000237517	DGCR5	22	+	18970514	18994628	4.405409	283.806915	432.063477
ENSG00000283406	DGCR5	22	+	18970525	19031242	1.288370	66.454620	101.169525
ENSG00000283583	AC007326.12	22	-	18980695	18981325	0.000000	0.000000	0.000000
ENSG00000271275	AC007326.9	22	-	18997138	18997595	0.000000	0.000000	0.000000
ENSG00000283366	AC000095.12	22	+	18998274	19014786	2.201296	113.543701	172.857239
ENSG00000273032	DGCR9	22	+	19017834	19020248	2.785507	143.677521	218.732529
ENSG00000270393	AC000095.9	22	-	19018043	19018916	0.000000	0.000000	0.000000
ENSG00000273164	AC000095.11	22	+	19023056	19023550	1.841414	94.980843	144.597427
ENSG00000070371	CLTCL1	22	-	19179473	19291716	0.000000	0.000000	0.000000
ENSG00000230194	AC000081.2	22	-	19238443	19238739	0.000000	0.000000	0.000000
ENSG00000251940	SNORA15	22	+	19249873	19249966	0.000000	0.000000	0.000000
ENSG00000233471	KRT18P62	22	+	19257520	19258806	0.000000	0.000000	0.000000
ENSG00000184702	SEPT5	22	+	19714464	19724772	12.242468	2148.285645	3270.518311
ENSG00000203618	GP1BB	22	+	19722945	19724771	0.000000	0.000000	0.000000
ENSG00000184058	TBX1	22	+	19756703	19783593	0.000000	0.000000	0.000000
ENSG00000185838	GNB1L	22	-	19783224	19854939	0.000000	0.000000	0.000000
ENSG00000235776	AC000089.3	22	+	19792294	19793094	0.000000	0.000000	0.000000
ENSG00000215012	C22orf29	22	-	19846138	19854896	1.217128	62.946484	95.828789
ENSG00000183597	TANGO2	22	+	20017014	20065926	0.242406	154.377457	235.021957
ENSG00000208023	MIR185	22	+	20033139	20033220	0.000000	0.000000	0.000000
ENSG00000236540	AC006547.13	22	-	20058030	20070569	0.000000	0.000000	0.000000
ENSG00000268292	AC006547.15	22	-	20064552	20065705	0.000000	0.000000	0.000000
ENSG00000234409	CCDC188	22	-	20148427	20151065	0.000000	0.000000	0.000000
ENSG00000099904	ZDHHC8	22	+	20129456	20148007	1.067042	138.348694	210.620010
ENSG00000161132	XXbac-B444P24.10	22	+	20299760	20313216	0.000000	0.000000	0.000000
ENSG00000040608	RTN4R	22	-	20241415	20283246	2.144778	285.315765	434.360474
ENSG00000221039	MIR1286	22	-	20249134	20249211	0.000000	0.000000	0.000000
ENSG00000273139	XXbac-B444P24.14	22	+	20320739	20321203	1.180645	60.898121	92.710396
ENSG00000128185	DGCR6L	22	-	20314276	20320080	6.748267	348.078217	529.909119
ENSG00000273343	XXbac-B444P24.13	22	-	20318119	20318749	0.000000	0.000000	0.000000
ENSG00000128191	DGCR8	22	+	20080232	20111877	0.700213	149.542160	227.660767
ENSG00000243762	AC006547.8	22	-	20110821	20111875	0.000000	0.000000	0.000000
ENSG00000099899	TRMT2A	22	-	20111866	20117392	1.658217	114.359329	174.098953
ENSG00000278278	MIR6816	22	-	20114686	20114751	0.000000	0.000000	0.000000
ENSG00000099901	RANBP1	22	+	20115938	20127357	1.131814	343.048828	522.252441
ENSG00000264346	SNORA77	22	+	20126402	20126526	0.000000	0.000000	0.000000
ENSG00000184470	TXNRD2	22	-	19875517	19941992	0.000000	0.000000	0.000000
ENSG00000232926	AC000078.5	22	+	19887289	19887970	0.000000	0.000000	0.000000
ENSG00000093010	COMT	22	+	19941607	19969975	0.565748	373.981110	569.343262
ENSG00000099889	ARVCF	22	-	19969896	20016808	3.804407	329.193268	501.158966
ENSG00000185252	ZNF74	22	+	20394115	20408461	0.000000	0.000000	0.000000
ENSG00000244486	SCARF2	22	-	20424815	20437826	0.000000	0.000000	0.000000
ENSG00000277971	XXbac-B562F10.12	22	-	20429241	20446620	0.000000	0.000000	0.000000
ENSG00000099910	KLHL22	22	-	20441519	20495883	0.618787	171.152634	260.560242
ENSG00000215493	XXbac-B562F10.11	22	+	20450122	20451824	0.000000	0.000000	0.000000
ENSG00000255156	RNY1P9	22	-	20475203	20475311	0.000000	0.000000	0.000000
ENSG00000201916	Y_RNA	22	+	20481158	20481268	0.000000	0.000000	0.000000
ENSG00000242876	RN7SL812P	22	-	20481935	20482213	0.000000	0.000000	0.000000
ENSG00000236670	KRT18P5	22	-	20482815	20484105	0.000000	0.000000	0.000000
ENSG00000229107	ABHD17AP4	22	-	20667836	20670984	0.000000	0.000000	0.000000
ENSG00000226287	TMEM191A	22	+	20701114	20704606	0.000000	0.000000	0.000000
ENSG00000223553	SMPD4P1	22	-	20602595	20656914	0.000000	0.000000	0.000000
ENSG00000276427	IGLL4P	22	+	20632619	20632751	0.000000	0.000000	0.000000
ENSG00000238125	SLC9A3P2	22	+	20652730	20654750	0.000000	0.000000	0.000000
ENSG00000099917	MED15	22	+	20495913	20587632	0.248643	122.646141	186.714661
ENSG00000236003	AC007050.17	22	-	20522070	20523870	0.000000	0.000000	0.000000
ENSG00000250261	CCDC74BP1	22	-	20587496	20592218	0.000000	0.000000	0.000000
ENSG00000237476	XXbac-B135H6.15	22	+	20957092	20964679	1.052632	54.295162	82.658150
ENSG00000099942	CRKL	22	+	20917426	20953749	10.536338	543.468323	827.368164
ENSG00000187905	LRRC74B	22	+	21045960	21064168	0.000000	0.000000	0.000000
ENSG00000241973	PI4KA	22	-	20707691	20859417	10.177703	1303.716553	1984.758667
ENSG00000099937	SERPIND1	22	+	20773879	20787720	0.000000	0.000000	0.000000
ENSG00000099940	SNAP29	22	+	20858983	20891218	0.411389	77.458679	117.921936
ENSG00000272600	AC007308.7	22	-	20889206	20891214	0.000000	0.000000	0.000000
ENSG00000169668	BCRP2	22	+	21103016	21122285	0.000000	0.000000	0.000000
ENSG00000197210	KB-1592A4.15	22	-	21114607	21124451	0.000000	0.000000	0.000000
ENSG00000274600	RIMBP3B	22	+	21383374	21389478	0.000000	0.000000	0.000000
ENSG00000200057	RN7SKP63	22	+	21389191	21389491	0.000000	0.000000	0.000000
ENSG00000183773	AIFM3	22	+	20965108	20981360	1.278254	190.754105	290.401245
ENSG00000099949	LZTR1	22	+	20979462	20999038	1.543744	176.568939	268.805939
ENSG00000272829	XXbac-B135H6.18	22	-	20981361	20981755	0.000000	0.000000	0.000000
ENSG00000184436	THAP7	22	-	20999104	21002196	1.937843	156.383987	238.076660
ENSG00000230513	THAP7-AS1	22	+	21001886	21010342	0.000000	0.000000	0.000000
ENSG00000161149	TUBA3FP	22	-	21002895	21014292	0.000000	0.000000	0.000000
ENSG00000099957	P2RX6	22	+	21009808	21028830	0.000000	0.000000	0.000000
ENSG00000099960	SLC7A4	22	-	21028718	21032840	1.348590	73.590714	112.033409
ENSG00000226872	AC002472.11	22	+	21031357	21043969	0.000000	0.000000	0.000000
ENSG00000207575	MIR649	22	-	21034176	21034272	0.000000	0.000000	0.000000
ENSG00000206145	P2RX6P	22	-	21035243	21045017	1.009074	61.279251	93.290619
ENSG00000206140	TMEM191C	22	+	21466423	21471269	0.000000	0.000000	0.000000
ENSG00000169635	HIC2	22	+	21417404	21451463	0.000000	0.000000	0.000000
ENSG00000215498	FAM230B	22	+	21167758	21302681	0.000000	0.000000	0.000000
ENSG00000234503	KB-1592A4.14	22	-	21177892	21179875	0.000000	0.000000	0.000000
ENSG00000133475	GGT2	22	-	21207973	21227637	0.000000	0.000000	0.000000
ENSG00000283145	KB-1592A4.16	22	-	21228760	21229138	0.000000	0.000000	0.000000
ENSG00000226885	E2F6P3	22	+	21268161	21268903	0.000000	0.000000	0.000000
ENSG00000229266	POM121L8P	22	+	21282881	21284161	0.000000	0.000000	0.000000
ENSG00000169662	BCRP6	22	-	21290760	21294586	0.000000	0.000000	0.000000
ENSG00000206142	KB-1183D5.13	22	-	21300990	21325042	0.000000	0.000000	0.000000
ENSG00000237407	KB-1183D5.14	22	+	21312920	21314904	0.000000	0.000000	0.000000
ENSG00000183506	PI4KAP2	22	-	21473000	21517533	0.769952	123.010956	187.270065
ENSG00000161179	YDJC	22	-	21628089	21630064	1.511726	84.791603	129.085480
ENSG00000128228	SDF2L1	22	+	21642261	21644298	0.000000	0.000000	0.000000
ENSG00000161180	CCDC116	22	+	21632716	21637327	0.000000	0.000000	0.000000
ENSG00000222352	RN7SKP221	22	-	21545344	21545644	0.000000	0.000000	0.000000
ENSG00000183246	RIMBP3C	22	-	21545357	21551461	0.000000	0.000000	0.000000
ENSG00000185651	UBE2L3	22	+	21549447	21624034	1.170126	564.507751	859.398315
ENSG00000275293	Metazoa_SRP	22	+	21555138	21555457	0.000000	0.000000	0.000000
ENSG00000207751	MIR130B	22	+	21652270	21670237	0.000000	0.000000	0.000000
ENSG00000212102	MIR301B	22	+	21652981	21653058	0.000000	0.000000	0.000000
ENSG00000272954	KB-1440D3.13	22	+	21661934	21662363	0.000000	0.000000	0.000000
ENSG00000100023	PPIL2	22	+	21666009	21700015	1.160983	107.837311	164.169922
ENSG00000100027	YPEL1	22	-	21697544	21735834	1.846304	103.680641	157.841873
ENSG00000244671	RN7SL280P	22	-	21722895	21723182	0.000000	0.000000	0.000000
ENSG00000263366	ABHD17AP5	22	-	22114844	22118005	0.000000	0.000000	0.000000
ENSG00000100030	MAPK1	22	-	21754500	21867680	10.557578	699.760010	1065.304321
ENSG00000200985	RNA5SP493	22	+	21792434	21792524	0.000000	0.000000	0.000000
ENSG00000228050	TOP3BP1	22	-	22223187	22224566	0.000000	0.000000	0.000000
ENSG00000100034	PPM1F	22	-	21919420	21952837	1.163435	137.651794	209.559052
ENSG00000224086	LL22NC03-86G7.1	22	+	21938293	21977632	0.000000	0.000000	0.000000
ENSG00000100038	TOP3B	22	-	21957025	21982816	0.000000	0.000000	0.000000
ENSG00000279278	CH17-264L24.1	22	+	22264601	22273020	0.000000	0.000000	0.000000
ENSG00000274422	LL22NC03-2H8.5	22	-	22283928	22287220	0.000000	0.000000	0.000000
ENSG00000234630	LL22NC03-2H8.4	22	+	22293733	22294794	0.000000	0.000000	0.000000
ENSG00000211645	IGLV1-50	22	+	22327300	22327814	0.000000	0.000000	0.000000
ENSG00000272779	LL22NC03-80A10.6	22	+	22303224	22310401	3.118787	160.868240	244.903412
ENSG00000236850	BMS1P20	22	+	22303224	22322847	2.452399	126.495689	192.575150
ENSG00000211643	IGLV5-52	22	+	22318727	22319226	0.000000	0.000000	0.000000
ENSG00000211644	IGLV1-51	22	+	22322472	22322980	0.000000	0.000000	0.000000
ENSG00000211676	IGLJ2	22	+	22899481	22899655	0.000000	0.000000	0.000000
ENSG00000211677	IGLC2	22	+	22900976	22901437	0.000000	0.000000	0.000000
ENSG00000254709	IGLL5	22	+	22887780	22896107	0.000000	0.000000	0.000000
ENSG00000211674	IGLJ1	22	+	22893692	22893818	0.000000	0.000000	0.000000
ENSG00000211675	IGLC1	22	+	22895375	22895834	0.000000	0.000000	0.000000
ENSG00000275004	ZNF280B	22	-	22484421	22509154	0.000000	0.000000	0.000000
ENSG00000100228	RAB36	22	+	23145326	23164350	0.000000	0.000000	0.000000
ENSG00000100218	RSPH14	22	-	23059415	23145021	0.000000	0.000000	0.000000
ENSG00000128266	GNAZ	22	+	23070361	23125037	1.315022	584.374207	889.642700
ENSG00000283438	Metazoa_SRP	22	-	23132730	23133005	0.000000	0.000000	0.000000
ENSG00000275635	U7	22	-	23137805	23137864	0.000000	0.000000	0.000000
ENSG00000215478	CES5AP1	22	-	23359603	23387731	0.000000	0.000000	0.000000
ENSG00000272733	KB-208E9.1	22	-	23580880	23583859	0.000000	0.000000	0.000000
ENSG00000133519	ZDHHC8P1	22	-	23390606	23402726	0.895339	63.378986	96.487228
ENSG00000248409	KB-1269D1.8	22	+	23392771	23393839	0.000000	0.000000	0.000000
ENSG00000186716	BCR	22	+	23179704	23318037	0.449486	255.813583	389.446808
ENSG00000236794	BCRP8	22	-	23179918	23180172	0.000000	0.000000	0.000000
ENSG00000240160	RN7SL263P	22	-	23261782	23262071	0.000000	0.000000	0.000000
ENSG00000230701	FBXW4P1	22	+	23262767	23265005	0.000000	0.000000	0.000000
ENSG00000187792	ZNF70	22	-	23738678	23751092	0.000000	0.000000	0.000000
ENSG00000169314	C22orf15	22	+	23763021	23765861	0.000000	0.000000	0.000000
ENSG00000250479	CHCHD10	22	-	23765834	23768443	5.319118	430.188568	654.912720
ENSG00000099953	MMP11	22	+	23768226	23784316	0.000000	0.000000	0.000000
ENSG00000280178	AP000349.2	22	-	23782283	23783958	0.000000	0.000000	0.000000
ENSG00000189269	DRICH1	22	-	23608452	23632321	0.000000	0.000000	0.000000
ENSG00000275609	KB-1572G7.4	22	+	23610329	23610538	0.000000	0.000000	0.000000
ENSG00000211683	KB-1572G7.3	22	-	23630618	23638941	0.000000	0.000000	0.000000
ENSG00000228315	GUSBP11	22	-	23638487	23717356	0.836914	143.460724	218.402481
ENSG00000234353	AP000347.4	22	-	23638492	23640762	0.000000	0.000000	0.000000
ENSG00000244723	ASLP1	22	-	23649213	23653334	0.000000	0.000000	0.000000
ENSG00000273000	KB-1572G7.2	22	-	23652860	23717347	0.000000	0.000000	0.000000
ENSG00000272578	AP000347.2	22	-	23658094	23717356	0.219332	62.889637	95.742256
ENSG00000159496	RGL4	22	+	23688136	23699176	0.000000	0.000000	0.000000
ENSG00000099956	SMARCB1	22	+	23786963	23834516	4.237092	360.034668	548.111389
ENSG00000099958	DERL3	22	-	23834503	23839128	0.000000	0.000000	0.000000
ENSG00000273295	AP000350.5	22	-	23901432	23907068	0.000000	0.000000	0.000000
ENSG00000133433	GSTT2B	22	-	23957414	23961186	0.000000	0.000000	0.000000
ENSG00000272973	KB-1125A3.11	22	-	23856427	23857039	0.000000	0.000000	0.000000
ENSG00000133460	SLC2A11	22	+	23856703	23886309	0.260664	56.044357	85.321098
ENSG00000251357	AP000350.10	22	+	23862188	23895223	0.000000	0.000000	0.000000
ENSG00000279467	KB-1125A3.12	22	-	23865248	23873277	0.000000	0.000000	0.000000
ENSG00000244425	RN7SL268P	22	-	23879493	23879790	0.000000	0.000000	0.000000
ENSG00000240972	MIF	22	+	23894004	23895227	16.001278	1060.178955	1614.000732
ENSG00000218537	MIF-AS1	22	-	23894426	23898930	0.000000	0.000000	0.000000
ENSG00000099974	DDTL	22	+	23966901	23972532	1.278675	65.954544	100.408226
ENSG00000272787	KB-226F1.2	22	+	23969211	23969873	0.000000	0.000000	0.000000
ENSG00000099977	DDT	22	-	23971365	23980469	0.904467	288.618896	439.389069
ENSG00000250470	AP000351.3	22	-	23976904	23977585	0.000000	0.000000	0.000000
ENSG00000099984	GSTT2	22	+	23980058	23983915	0.000000	0.000000	0.000000
ENSG00000099994	SUSD2	22	+	24181259	24189110	0.000000	0.000000	0.000000
ENSG00000128262	POM121L9P	22	+	24251828	24265525	0.000000	0.000000	0.000000
ENSG00000225098	BCRP1	22	-	24259929	24263764	0.000000	0.000000	0.000000
ENSG00000099998	GGT5	22	-	24219654	24245142	0.479288	60.010529	91.359138
ENSG00000099991	CABIN1	22	+	24011192	24178628	0.986807	329.150238	501.093414
ENSG00000232545	KB-318B8.7	22	+	24101689	24103354	1.596774	82.362213	125.387016
ENSG00000215481	BCRP3	22	+	24632915	24653356	0.000000	0.000000	0.000000
ENSG00000100014	SPECC1L	22	+	24270817	24417740	2.259456	282.610443	430.241913
ENSG00000258555	SPECC1L-ADORA2A	22	+	24270898	24442356	0.000000	0.000000	0.000000
ENSG00000128271	ADORA2A	22	+	24417879	24442360	0.000000	0.000000	0.000000
ENSG00000178803	ADORA2A-AS1	22	-	24429206	24495074	0.000000	0.000000	0.000000
ENSG00000100024	UPB1	22	+	24494107	24528390	0.000000	0.000000	0.000000
ENSG00000228923	AP000355.2	22	+	24516508	24518386	0.000000	0.000000	0.000000
ENSG00000138867	GUCD1	22	-	24540423	24555935	2.155839	139.391190	212.207077
ENSG00000100028	SNRPD3	22	+	24555503	24609980	4.127348	307.199493	467.675995
ENSG00000100031	GGT1	22	+	24583750	24629005	0.000000	0.000000	0.000000
ENSG00000178026	LRRC75B	22	-	24585620	24593208	0.000000	0.000000	0.000000
ENSG00000230947	AP000356.2	22	+	24598054	24599398	0.000000	0.000000	0.000000
ENSG00000167037	SGSM1	22	+	24806169	24927578	2.594981	253.859894	386.472504
ENSG00000199783	SNORD56	22	-	24901147	24901214	0.000000	0.000000	0.000000
ENSG00000244752	CRYBB2	22	+	25219522	25231869	0.000000	0.000000	0.000000
ENSG00000100068	LRP5L	22	-	25351418	25405377	0.000000	0.000000	0.000000
ENSG00000100058	CRYBB2P1	22	+	25448105	25520854	0.306388	74.557281	113.504898
ENSG00000277872	MIR6817	22	+	25455646	25455711	0.000000	0.000000	0.000000
ENSG00000272977	CTA-390C10.10	22	+	25476218	25479971	0.000000	0.000000	0.000000
ENSG00000197077	KIAA1671	22	+	24952730	25197448	0.147342	84.201836	128.187622
ENSG00000279085	CTA-243E7.4	22	-	25009685	25015072	0.000000	0.000000	0.000000
ENSG00000279548	CTA-243E7.3	22	-	25022594	25024652	0.000000	0.000000	0.000000
ENSG00000279006	CTA-243E7.2	22	-	25048967	25051966	0.000000	0.000000	0.000000
ENSG00000279110	CTA-243E7.1	22	-	25052122	25065241	0.000000	0.000000	0.000000
ENSG00000203280	CTA-221G9.12	22	-	25102433	25112692	0.000000	0.000000	0.000000
ENSG00000271181	CTA-221G9.10	22	-	25179309	25179554	0.000000	0.000000	0.000000
ENSG00000100077	GRK3	22	+	25564849	25729294	3.449327	181.826584	276.810089
ENSG00000237387	CTA-407F11.7	22	-	25580241	25581382	0.000000	0.000000	0.000000
ENSG00000224003	YES1P1	22	+	25647261	25649232	0.000000	0.000000	0.000000
ENSG00000222585	RNA5SP494	22	-	25715041	25715169	0.000000	0.000000	0.000000
ENSG00000236464	CTA-796E4.3	22	+	26161834	26164303	0.000000	0.000000	0.000000
ENSG00000229770	CTA-796E4.4	22	-	26161910	26163214	0.000000	0.000000	0.000000
ENSG00000261188	CTA-445C9.14	22	+	26512537	26514568	1.073734	55.383614	84.315193
ENSG00000128294	TPST2	22	-	26521983	26596717	0.182879	51.797691	78.856041
ENSG00000221760	MIR548J	22	-	26555212	26555323	0.000000	0.000000	0.000000
ENSG00000213707	HMGB1P10	22	+	26560526	26561088	0.000000	0.000000	0.000000
ENSG00000128203	ASPHD2	22	+	26429273	26445015	2.807502	144.812042	220.459686
ENSG00000100099	HPS4	22	-	26443423	26483837	0.645065	122.587334	186.625137
ENSG00000100104	SRRD	22	+	26483877	26494658	1.661262	92.061913	140.153687
ENSG00000100109	TFIP11	22	-	26491225	26512505	1.736382	145.034546	220.798447
ENSG00000100095	SEZ6L	22	+	26169474	26383597	8.540562	714.045166	1087.051880
ENSG00000224192	RP11-259P1.1	22	-	26241331	26254092	0.000000	0.000000	0.000000
ENSG00000223704	LINC01422	22	+	26858634	26865786	0.000000	0.000000	0.000000
ENSG00000236858	CTA-992D9.6	22	-	27048144	27060518	0.000000	0.000000	0.000000
ENSG00000233521	RP5-1172A22.1	22	-	27221349	27224727	0.000000	0.000000	0.000000
ENSG00000230051	CTA-929C8.8	22	+	27331787	27379265	0.000000	0.000000	0.000000
ENSG00000169184	MN1	22	-	27748277	27801498	0.000000	0.000000	0.000000
ENSG00000100122	CRYBB1	22	-	26599278	26618088	0.000000	0.000000	0.000000
ENSG00000196431	CRYBA4	22	+	26621964	26630672	0.000000	0.000000	0.000000
ENSG00000226912	ISCA2P1	22	-	26644889	26645336	0.000000	0.000000	0.000000
ENSG00000225783	MIAT	22	+	26646428	26676475	3.345953	457.243958	696.101440
ENSG00000278404	MIAT_exon1	22	+	26657521	26657655	0.000000	0.000000	0.000000
ENSG00000206028	CTA-373H7.7	22	-	26667693	26672654	0.000000	0.000000	0.000000
ENSG00000277941	MIAT_exon5_1	22	+	26671402	26671550	0.000000	0.000000	0.000000
ENSG00000275942	MIAT_exon5_2	22	+	26672164	26672248	0.000000	0.000000	0.000000
ENSG00000244625	MIATNB	22	+	26672767	26780207	0.000000	0.000000	0.000000
ENSG00000276991	MIAT_exon5_3	22	+	26673254	26673630	0.000000	0.000000	0.000000
ENSG00000159873	CCDC117	22	+	28772674	28789301	2.258576	136.348251	207.574570
ENSG00000183765	CHEK2	22	-	28687743	28742422	0.000000	0.000000	0.000000
ENSG00000100209	HSCB	22	+	28742031	28757515	0.000000	0.000000	0.000000
ENSG00000100219	XBP1	22	-	28794555	28800597	3.514201	270.413208	411.673065
ENSG00000226471	CTA-292E10.6	22	+	28800683	28848559	0.000000	0.000000	0.000000
ENSG00000272858	CTA-292E10.8	22	+	28814914	28815662	0.000000	0.000000	0.000000
ENSG00000224256	CTA-292E10.7	22	-	28835893	28836137	0.000000	0.000000	0.000000
ENSG00000186998	EMID1	22	+	29205851	29259597	0.000000	0.000000	0.000000
ENSG00000183762	KREMEN1	22	+	29073078	29168333	0.381032	64.843452	98.716713
ENSG00000226772	CTA-747E2.10	22	-	29099041	29111683	0.000000	0.000000	0.000000
ENSG00000200871	RNU6-810P	22	+	29134014	29134120	1.000000	51.580383	78.525215
ENSG00000183579	ZNRF3	22	+	28883592	29057487	0.194577	112.124191	170.696228
ENSG00000235786	ZNRF3-IT1	22	+	28992721	29018620	0.000000	0.000000	0.000000
ENSG00000177993	ZNRF3-AS1	22	-	29024999	29031476	0.000000	0.000000	0.000000
ENSG00000100276	RASL10A	22	-	29312933	29319679	0.000000	0.000000	0.000000
ENSG00000273216	AC002059.10	22	-	29316744	29317220	0.000000	0.000000	0.000000
ENSG00000185340	GAS2L1	22	+	29306582	29312785	2.248781	153.685562	233.968613
ENSG00000100263	RHBDD3	22	-	29259852	29268209	1.090648	121.215042	184.535980
ENSG00000237015	CTA-984G1.5	22	+	29260889	29262037	0.000000	0.000000	0.000000
ENSG00000182944	EWSR1	22	+	29268009	29300525	3.413367	596.049500	907.416870
ENSG00000100280	AP1B1	22	-	29327680	29423179	1.409642	436.706726	664.835815
ENSG00000280968	MIR3653	22	-	29333158	29333267	0.000000	0.000000	0.000000
ENSG00000239127	SNORD125	22	-	29333163	29333258	0.000000	0.000000	0.000000
ENSG00000242156	AC000041.8	22	-	29419155	29423193	1.097143	56.591061	86.153389
ENSG00000225465	RFPL1S	22	-	29436534	29478175	4.405842	241.422363	367.537811
ENSG00000274457	AC000041.10	22	+	29437583	29437733	0.000000	0.000000	0.000000
ENSG00000128250	RFPL1	22	+	29438583	29442455	0.000000	0.000000	0.000000
ENSG00000282816	AC000035.3	22	-	29480220	29481113	0.000000	0.000000	0.000000
ENSG00000100285	NEFH	22	+	29480230	29491390	8.283637	427.273193	650.474365
ENSG00000100296	THOC5	22	-	29505879	29555216	1.080983	102.529114	156.088806
ENSG00000234208	CTA-256D12.11	22	-	29513889	29535390	0.000000	0.000000	0.000000
ENSG00000184117	NIPSNAP1	22	-	29554808	29581337	5.472677	387.018921	589.191895
ENSG00000100314	CABP7	22	+	29720084	29731839	1.141659	58.887211	89.649017
ENSG00000100319	ZMAT5	22	-	29730956	29767011	0.773541	142.022873	216.213516
ENSG00000200976	Y_RNA	22	+	29758758	29758859	0.000000	0.000000	0.000000
ENSG00000180957	PITPNB	22	-	27851669	27920134	2.324615	207.556625	315.981110
ENSG00000235954	TTC28-AS1	22	+	27919376	28008581	0.063321	114.307083	174.019409
ENSG00000277460	TTC28-AS1_1	22	+	27919384	27919545	0.000000	0.000000	0.000000
ENSG00000264073	MIR3199-1	22	-	27920525	27920612	0.000000	0.000000	0.000000
ENSG00000283225	MIR3199-2	22	+	27920526	27920611	0.000000	0.000000	0.000000
ENSG00000276150	TTC28-AS1_2	22	+	27922022	27922178	0.000000	0.000000	0.000000
ENSG00000100154	TTC28	22	-	27978014	28679865	0.066880	58.526043	89.099182
ENSG00000274342	TTC28-AS1_3	22	+	27994474	27994654	0.000000	0.000000	0.000000
ENSG00000276675	TTC28-AS1_4	22	+	28002484	28002595	0.000000	0.000000	0.000000
ENSG00000239249	RN7SL757P	22	-	28056153	28056453	0.000000	0.000000	0.000000
ENSG00000201209	SNORD42	22	-	28232756	28232823	0.000000	0.000000	0.000000
ENSG00000199797	Y_RNA	22	+	28303754	28303850	0.000000	0.000000	0.000000
ENSG00000276162	MIR5739	22	+	28459869	28459948	0.000000	0.000000	0.000000
ENSG00000266503	RN7SL162P	22	-	28642979	28643270	0.000000	0.000000	0.000000
ENSG00000184076	UQCR10	22	+	29767369	29770413	13.237948	787.766296	1199.283691
ENSG00000100325	ASCC2	22	-	29788608	29838304	0.715290	94.568817	143.970169
ENSG00000186575	NF2	22	+	29603556	29698598	4.405133	318.879089	485.456757
ENSG00000233010	RPEP4	22	+	29608900	29609501	0.000000	0.000000	0.000000
ENSG00000279699	RP1-102K2.9	22	-	30275215	30276951	0.000000	0.000000	0.000000
ENSG00000232530	RP1-102K2.6	22	+	30239194	30240538	0.000000	0.000000	0.000000
ENSG00000128342	LIF	22	-	30240447	30246851	0.000000	0.000000	0.000000
ENSG00000268812	RP1-102K2.8	22	+	30246205	30246998	0.000000	0.000000	0.000000
ENSG00000239282	GATSL3	22	-	30285117	30289627	0.482036	53.633747	81.651222
ENSG00000248751	RP1-130H16.18	22	-	30285238	30299482	0.000000	0.000000	0.000000
ENSG00000099992	TBC1D10A	22	-	30291990	30327046	0.000000	0.000000	0.000000
ENSG00000214491	SEC14L6	22	-	30522799	30546682	0.000000	0.000000	0.000000
ENSG00000225774	SIRPAP1	22	+	30542536	30544305	0.000000	0.000000	0.000000
ENSG00000128242	GAL3ST1	22	-	30554635	30574587	0.086740	78.304176	119.209122
ENSG00000099995	SF3A1	22	-	30331988	30356947	4.406460	279.700287	425.811615
ENSG00000187860	CCDC157	22	+	30356635	30378658	0.000000	0.000000	0.000000
ENSG00000099999	RNF215	22	-	30368811	30421771	0.577544	203.918213	310.442047
ENSG00000100003	SEC14L2	22	+	30396857	30425317	1.298498	219.622025	334.349274
ENSG00000249590	RP4-539M6.19	22	+	30409255	30428990	0.000000	0.000000	0.000000
ENSG00000273350	RP4-539M6.20	22	+	30420512	30420912	0.000000	0.000000	0.000000
ENSG00000222915	RNU6-564P	22	+	30421045	30421148	0.000000	0.000000	0.000000
ENSG00000272689	RP4-539M6.21	22	-	30421206	30421536	0.000000	0.000000	0.000000
ENSG00000242114	MTFP1	22	+	30425530	30429053	0.000000	0.000000	0.000000
ENSG00000100330	MTMR3	22	+	29883155	30030866	2.609687	259.034119	394.349701
ENSG00000207455	RNU6-331P	22	-	29899587	29899693	0.000000	0.000000	0.000000
ENSG00000279159	RP3-394A18.1	22	-	29978950	30028236	0.000000	0.000000	0.000000
ENSG00000275818	MIR6818	22	+	30007049	30007113	0.000000	0.000000	0.000000
ENSG00000227117	HORMAD2-AS1	22	-	30008742	30080480	0.000000	0.000000	0.000000
ENSG00000227201	CNN2P1	22	-	30046276	30047193	0.000000	0.000000	0.000000
ENSG00000176635	HORMAD2	22	+	30080174	30177075	0.000000	0.000000	0.000000
ENSG00000226573	CTA-85E5.7	22	-	30105094	30105408	0.000000	0.000000	0.000000
ENSG00000225971	CTA-85E5.6	22	-	30136673	30137681	0.000000	0.000000	0.000000
ENSG00000235989	MORC2-AS1	22	+	30922308	30932449	0.000000	0.000000	0.000000
ENSG00000133422	MORC2	22	-	30925130	30968298	2.005913	124.973648	190.258026
ENSG00000253352	TUG1	22	+	30970677	30979395	5.906942	409.235748	623.014465
ENSG00000276664	TUG1_1	22	+	30971005	30971149	0.000000	0.000000	0.000000
ENSG00000276057	TUG1_2	22	+	30971296	30971382	0.000000	0.000000	0.000000
ENSG00000276965	TUG1_3	22	+	30972857	30973093	0.000000	0.000000	0.000000
ENSG00000275307	TUG1_4	22	+	30973417	30973597	0.000000	0.000000	0.000000
ENSG00000269987	RP3-430N8.11	22	-	30976515	30978848	0.000000	0.000000	0.000000
ENSG00000269972	RP3-430N8.10	22	-	30977516	30977858	0.000000	0.000000	0.000000
ENSG00000184792	OSBP2	22	+	30693782	30907824	0.097643	189.383209	288.314178
ENSG00000264661	MIR3200	22	+	30731557	30731641	1.000000	51.580383	78.525215
ENSG00000237977	EIF4HP2	22	+	30902219	30902781	0.000000	0.000000	0.000000
ENSG00000278920	RP3-412A9.17	22	+	31051630	31068327	0.000000	0.000000	0.000000
ENSG00000240186	RN7SL633P	22	+	31059989	31060285	0.000000	0.000000	0.000000
ENSG00000183963	SMTN	22	+	31064105	31104757	0.244088	53.511711	81.465439
ENSG00000273387	RP3-412A9.16	22	-	31082156	31083565	0.000000	0.000000	0.000000
ENSG00000198832	SELM	22	-	31104772	31120069	3.873119	742.173523	1129.874023
ENSG00000235573	RP3-412A9.12	22	+	31113017	31113396	0.000000	0.000000	0.000000
ENSG00000100029	PES1	22	-	30576625	30607083	1.133992	158.838959	241.814072
ENSG00000223831	RP1-56J10.8	22	+	30598309	30606687	0.000000	0.000000	0.000000
ENSG00000185339	TCN2	22	+	30606838	30627278	0.893528	56.760651	86.411575
ENSG00000100036	SLC35E4	22	+	30635652	30669016	0.000000	0.000000	0.000000
ENSG00000167065	DUSP18	22	-	30652051	30667890	0.000000	0.000000	0.000000
ENSG00000250318	CTA-963H5.5	22	-	30653877	30654814	0.000000	0.000000	0.000000
ENSG00000185133	INPP5J	22	+	31122731	31134696	1.797907	127.328186	193.842545
ENSG00000138942	RNF185	22	+	31160183	31207019	2.966100	166.308884	253.186172
ENSG00000254835	RNF185-AS1	22	-	31205264	31205616	0.000000	0.000000	0.000000
ENSG00000213888	LINC01521	22	+	31346777	31348719	0.000000	0.000000	0.000000
ENSG00000182541	LIMK2	22	+	31212239	31280080	0.449336	105.045876	159.920288
ENSG00000199695	RNU6-1128P	22	-	31222745	31222853	0.000000	0.000000	0.000000
ENSG00000202019	Y_RNA	22	-	31230071	31230172	0.000000	0.000000	0.000000
ENSG00000100100	PIK3IP1	22	-	31281593	31292534	3.645312	296.376984	451.199890
ENSG00000228839	PIK3IP1-AS1	22	+	31292499	31338021	0.000000	0.000000	0.000000
ENSG00000212542	RNA5SP496	22	+	31305404	31305512	0.000000	0.000000	0.000000
ENSG00000100105	PATZ1	22	-	31325804	31346232	0.697272	68.273239	103.938171
ENSG00000183530	PRR14L	22	-	31676256	31750140	2.452087	165.442215	251.866791
ENSG00000185721	DRG1	22	+	31399523	31528740	5.732851	357.857819	544.797424
ENSG00000184708	EIF4ENIF1	22	-	31436977	31496108	2.202938	187.094803	284.830353
ENSG00000240591	RP11-247I13.11	22	+	31454251	31464204	0.000000	0.000000	0.000000
ENSG00000199248	RNU6-28P	22	-	31479383	31479489	0.000000	0.000000	0.000000
ENSG00000198089	SFI1	22	+	31488688	31618586	0.248968	137.476425	209.292068
ENSG00000233733	H2AFZP6	22	-	31521199	31521592	0.000000	0.000000	0.000000
ENSG00000229169	RP11-247I13.6	22	-	31538352	31538589	0.000000	0.000000	0.000000
ENSG00000214093	RP11-247I13.3	22	+	31559483	31559939	0.000000	0.000000	0.000000
ENSG00000241878	PISD	22	-	31618491	31662432	1.161868	672.275208	1023.461792
ENSG00000128253	RFPL2	22	-	32190435	32203477	0.000000	0.000000	0.000000
ENSG00000279219	AL008723.1	22	+	32191094	32191452	0.000000	0.000000	0.000000
ENSG00000254127	IGLCOR22-1	22	+	32199919	32200234	0.000000	0.000000	0.000000
ENSG00000100150	DEPDC5	22	+	31753951	31907034	0.783601	64.679741	98.467476
ENSG00000242251	RN7SL20P	22	+	31757202	31757498	0.000000	0.000000	0.000000
ENSG00000236132	CTA-440B3.1	22	-	31816379	31817491	0.000000	0.000000	0.000000
ENSG00000252909	RNU6-201P	22	+	31837238	31837298	0.000000	0.000000	0.000000
ENSG00000227813	RP1-180M12.1	22	-	31890344	31891434	0.000000	0.000000	0.000000
ENSG00000128276	RFPL3	22	+	32354885	32361161	0.000000	0.000000	0.000000
ENSG00000271093	IGLCOR22-2	22	-	32356676	32356988	0.000000	0.000000	0.000000
ENSG00000205853	RFPL3S	22	-	32359906	32382052	0.000000	0.000000	0.000000
ENSG00000274617	RFPL3-AS1_1	22	+	32362972	32363059	0.000000	0.000000	0.000000
ENSG00000274170	RFPL3-AS1_2	22	+	32368497	32368567	0.000000	0.000000	0.000000
ENSG00000230736	RP1-149A16.3	22	+	32376664	32384343	0.000000	0.000000	0.000000
ENSG00000243519	IGLVIVOR22-2	22	+	32376682	32377135	0.000000	0.000000	0.000000
ENSG00000241954	RP1-149A16.17	22	+	32383786	32385631	0.000000	0.000000	0.000000
ENSG00000242082	RP1-90G24.10	22	+	32205115	32269666	0.000000	0.000000	0.000000
ENSG00000100191	SLC5A4	22	-	32218476	32255341	0.000000	0.000000	0.000000
ENSG00000214076	CPSF1P1	22	+	32269381	32273110	1.866466	96.273033	146.564636
ENSG00000224050	RP1-90G24.6	22	+	32273420	32277186	0.000000	0.000000	0.000000
ENSG00000128254	C22orf24	22	-	31933521	31945518	0.000000	0.000000	0.000000
ENSG00000128245	YWHAH	22	+	31944461	31957603	14.628178	4656.895996	7089.589844
ENSG00000100220	RTCB	22	-	32387582	32412255	5.573405	418.098785	636.507385
ENSG00000100225	FBXO7	22	+	32474676	32498829	1.970971	487.480865	742.133606
ENSG00000234891	RP1-288L1.5	22	-	34703126	34704885	0.000000	0.000000	0.000000
ENSG00000100281	HMGXB4	22	+	35257452	35295807	0.754798	55.462635	84.435493
ENSG00000100292	HMOX1	22	+	35380361	35394214	0.765548	52.122341	79.350273
ENSG00000100302	RASD2	22	+	35540868	35554001	2.651817	136.781738	208.234497
ENSG00000100297	MCM5	22	+	35400063	35425430	0.426469	55.248779	84.109924
ENSG00000221963	APOL6	22	+	35648395	35668409	0.000000	0.000000	0.000000
ENSG00000273176	RP3-510H16.3	22	-	35298838	35299541	0.000000	0.000000	0.000000
ENSG00000100284	TOM1	22	+	35299275	35347994	0.557809	285.443726	434.555298
ENSG00000266320	MIR3909	22	+	35335640	35335758	0.000000	0.000000	0.000000
ENSG00000274280	MIR6069	22	-	35336721	35336799	0.000000	0.000000	0.000000
ENSG00000185666	SYN3	22	-	32512552	33058372	0.043529	177.666931	270.477509
ENSG00000236054	LL22NC03-104C7.1	22	+	32583300	32584204	0.000000	0.000000	0.000000
ENSG00000251890	RNA5SP497	22	-	32635102	32635198	0.000000	0.000000	0.000000
ENSG00000229673	LL22NC01-116C6.1	22	+	32783177	32784982	0.000000	0.000000	0.000000
ENSG00000100234	TIMP3	22	+	32801701	32863043	6.851618	353.409088	538.024780
ENSG00000228194	CTA-415G2.2	22	+	33014980	33015461	0.000000	0.000000	0.000000
ENSG00000279805	CTA-212A2.1	22	-	36137430	36139350	0.000000	0.000000	0.000000
ENSG00000100336	APOL4	22	-	36189124	36204840	0.000000	0.000000	0.000000
ENSG00000128284	APOL3	22	-	36140330	36166177	0.000000	0.000000	0.000000
ENSG00000100342	APOL1	22	+	36253010	36267530	0.000000	0.000000	0.000000
ENSG00000128335	APOL2	22	-	36226203	36239954	4.355258	329.615601	501.801941
ENSG00000223695	RP4-633O19__A.1	22	+	36388626	36396517	0.000000	0.000000	0.000000
ENSG00000100348	TXN2	22	-	36467036	36482030	2.034634	123.929611	188.668594
ENSG00000100350	FOXRED2	22	-	36487190	36507101	1.849388	135.564606	206.381531
ENSG00000100320	RBFOX2	22	-	35738736	36028425	5.644426	884.419495	1346.427002
ENSG00000237406	NDUFA9P1	22	-	35897270	35898404	0.000000	0.000000	0.000000
ENSG00000279652	RP1-78B3.1	22	+	35992321	36000469	0.000000	0.000000	0.000000
ENSG00000100353	EIF3D	22	-	36510850	36529436	3.390735	330.312958	502.863525
ENSG00000100345	MYH9	22	-	36281281	36388018	6.743652	482.413147	734.418640
ENSG00000278420	MIR6819	22	-	36286847	36286907	0.000000	0.000000	0.000000
ENSG00000234688	RP1-293L6.1	22	+	36703918	36721472	0.000000	0.000000	0.000000
ENSG00000183822	CTA-833B7.2	22	-	36847372	36870441	0.000000	0.000000	0.000000
ENSG00000100365	NCF4	22	+	36860988	36878015	0.000000	0.000000	0.000000
ENSG00000100360	IFT27	22	-	36758202	36776256	0.600510	52.434246	79.825119
ENSG00000100362	PVALB	22	-	36800684	36819479	5.364300	1488.191284	2265.600342
ENSG00000234979	CITF22-24E5.1	22	+	36816326	36819736	0.000000	0.000000	0.000000
ENSG00000100368	CSF2RB	22	+	36913628	36940449	0.000000	0.000000	0.000000
ENSG00000100379	KCTD17	22	+	37051736	37063390	1.608124	201.675262	307.027466
ENSG00000201078	RN7SKP214	22	-	37055033	37055347	0.000000	0.000000	0.000000
ENSG00000261675	RP5-1119A7.17	22	-	36560870	36562915	3.075269	158.623550	241.486145
ENSG00000166862	CACNG2	22	-	36563921	36703558	0.915299	106.146538	161.595932
ENSG00000128311	TST	22	-	37010859	37020183	1.119203	78.963638	120.213066
ENSG00000252412	Y_RNA	22	+	37013225	37013319	0.000000	0.000000	0.000000
ENSG00000128309	MPST	22	+	37019635	37029822	0.270086	70.754723	107.715942
ENSG00000278195	SSTR3	22	-	37204238	37212322	1.034727	58.851978	89.595383
ENSG00000128340	RAC2	22	-	37225261	37244448	0.000000	0.000000	0.000000
ENSG00000133424	LARGE1	22	-	33162226	33922841	0.333694	321.528137	489.489655
ENSG00000232073	RP1-302D9.3	22	+	33164063	33166439	0.000000	0.000000	0.000000
ENSG00000230741	SC22CB-1D7.1	22	+	33320865	33322813	0.000000	0.000000	0.000000
ENSG00000266012	MIR4764	22	-	33436582	33436669	0.000000	0.000000	0.000000
ENSG00000253007	SNORA76	22	-	33704786	33704920	0.000000	0.000000	0.000000
ENSG00000281295	SNORA50	22	-	33704786	33704922	0.000000	0.000000	0.000000
ENSG00000232081	LARGE-IT1	22	-	33723832	33724912	0.000000	0.000000	0.000000
ENSG00000224973	LARGE-AS1	22	+	33725014	33750843	0.000000	0.000000	0.000000
ENSG00000273082	LL22NC03-32F9.1	22	+	33922422	33922766	0.000000	0.000000	0.000000
ENSG00000100055	CYTH4	22	+	37282027	37315345	0.000000	0.000000	0.000000
ENSG00000100385	IL2RB	22	-	37125838	37175054	0.000000	0.000000	0.000000
ENSG00000235237	RP1-151B14.6	22	+	37166757	37182850	0.000000	0.000000	0.000000
ENSG00000133466	C1QTNF6	22	-	37180167	37199385	0.000000	0.000000	0.000000
ENSG00000100060	MFNG	22	-	37469063	37486401	0.000000	0.000000	0.000000
ENSG00000100065	CARD10	22	-	37490362	37519542	0.000000	0.000000	0.000000
ENSG00000243902	ELFN2	22	-	37339583	37427445	0.000000	0.000000	0.000000
ENSG00000237862	RP1-63G5.7	22	-	37352190	37354839	0.000000	0.000000	0.000000
ENSG00000166897	ELFN2	22	-	37367960	37427470	1.214727	115.898804	176.442612
ENSG00000272694	RP1-63G5.8	22	+	37371684	37372858	0.000000	0.000000	0.000000
ENSG00000225867	RP5-1177I5.3	22	+	37550026	37551735	0.000000	0.000000	0.000000
ENSG00000128283	CDC42EP1	22	+	37560447	37569405	2.500361	251.316238	382.600128
ENSG00000100092	SH3BP1	22	+	37634654	37666932	0.000000	0.000000	0.000000
ENSG00000233360	Z83844.1	22	-	37641832	37658377	0.000000	0.000000	0.000000
ENSG00000241360	PDXP	22	+	37658727	37666934	13.162773	896.472229	1364.776001
ENSG00000100097	LGALS1	22	+	37675608	37679806	4.405370	1032.682251	1572.140137
ENSG00000100083	GGA1	22	+	37608475	37633564	1.084585	229.475555	349.350189
ENSG00000189060	H1F0	22	+	37805093	37807436	7.136519	368.104401	560.396667
ENSG00000273899	NOL12	22	+	37681673	37693478	0.605186	53.572056	81.557304
ENSG00000100101	RP1-37E16.12	22	+	37686414	37726503	0.000000	0.000000	0.000000
ENSG00000100106	TRIOBP	22	+	37697004	37776556	0.000000	0.000000	0.000000
ENSG00000100116	GCAT	22	+	37807905	37817176	2.235177	146.481232	223.000839
ENSG00000128310	GALR3	22	+	37823382	37825495	0.000000	0.000000	0.000000
ENSG00000100124	ANKRD54	22	-	37830855	37849327	1.054602	111.757515	170.137985
ENSG00000207696	MIR659	22	-	37847678	37847774	0.000000	0.000000	0.000000
ENSG00000100129	EIF3L	22	+	37848868	37889407	9.214680	1168.683716	1779.186768
ENSG00000279738	RP5-1014D13.2	22	+	37876148	37895563	0.000000	0.000000	0.000000
ENSG00000207227	RNU6-900P	22	+	37891347	37891448	0.000000	0.000000	0.000000
ENSG00000100156	SLC16A8	22	-	38078134	38084093	0.000000	0.000000	0.000000
ENSG00000128298	BAIAP2L2	22	-	38084889	38110670	0.000000	0.000000	0.000000
ENSG00000272720	CTA-228A9.3	22	+	38090127	38091559	1.057920	54.567921	83.073395
ENSG00000100151	PICK1	22	+	38056311	38075701	2.447409	226.026382	344.099213
ENSG00000233739	RP5-1039K5.13	22	-	38057180	38073940	0.000000	0.000000	0.000000
ENSG00000184381	PLA2G6	22	-	38111495	38205690	1.138973	201.716949	307.090912
ENSG00000279080	CTA-228A9.4	22	+	38130216	38150612	0.000000	0.000000	0.000000
ENSG00000185022	MAFF	22	+	38200767	38216511	0.651620	82.848877	126.127899
ENSG00000198792	TMEM184B	22	-	38219291	38273034	4.355592	422.242432	642.815613
ENSG00000235246	RP1-5O6.5	22	+	38231320	38232248	0.000000	0.000000	0.000000
ENSG00000241693	RN7SL704P	22	+	38231720	38231993	0.000000	0.000000	0.000000
ENSG00000228620	RP3-434P1.6	22	+	38424288	38427336	0.000000	0.000000	0.000000
ENSG00000168135	KCNJ4	22	-	38426327	38455199	5.146247	265.445374	404.110138
ENSG00000100139	MICALL1	22	+	37905657	37942822	0.647002	78.209473	119.064949
ENSG00000278948	RP5-1039K5.12	22	+	37943050	37944898	1.031069	53.182938	80.964920
ENSG00000128346	C22orf23	22	-	37943050	37953669	0.000000	0.000000	0.000000
ENSG00000279010	MIR4534	22	+	37948352	38002889	0.000000	0.000000	0.000000
ENSG00000272582	RP5-1039K5.17	22	+	37950965	37951778	0.000000	0.000000	0.000000
ENSG00000100142	POLR2F	22	+	37952607	38041915	0.066515	52.242004	79.532463
ENSG00000100146	SOX10	22	-	37970686	37987422	1.644031	109.276505	166.360916
ENSG00000222044	RP5-1039K5.16	22	-	38032165	38034228	0.000000	0.000000	0.000000
ENSG00000213923	CSNK1E	22	-	38290691	38398522	4.638631	1130.991943	1721.805420
ENSG00000244627	RP3-449O17.1	22	-	38335762	38398929	0.000000	0.000000	0.000000
ENSG00000229955	RP1-5O6.4	22	-	38387918	38388857	0.000000	0.000000	0.000000
ENSG00000224279	RP1-199H16.6	22	-	38574931	38575431	0.000000	0.000000	0.000000
ENSG00000100206	DMC1	22	-	38518949	38570286	0.000000	0.000000	0.000000
ENSG00000184949	FAM227A	22	-	38578120	38656629	0.000000	0.000000	0.000000
ENSG00000100211	CBY1	22	+	38656636	38673854	0.393018	67.589386	102.897079
ENSG00000230912	RP3-508I15.10	22	-	38666508	38668750	0.000000	0.000000	0.000000
ENSG00000228274	RP3-508I15.9	22	-	38667585	38681820	0.000000	0.000000	0.000000
ENSG00000100216	TOMM22	22	+	38681948	38685421	3.416406	189.263229	288.131531
ENSG00000100221	JOSD1	22	-	38685543	38701556	5.332839	327.927277	499.231659
ENSG00000100196	KDELR3	22	+	38468062	38483447	0.000000	0.000000	0.000000
ENSG00000100201	DDX17	22	-	38483440	38507660	24.010471	2464.047119	3751.229248
ENSG00000100226	GTPBP1	22	+	38705723	38738299	1.913928	204.356171	311.108795
ENSG00000229598	PRDX3P1	22	-	38722743	38723505	0.000000	0.000000	0.000000
ENSG00000244491	RP3-508I15.18	22	+	38734725	38738765	0.000000	0.000000	0.000000
ENSG00000100242	SUN2	22	-	38734725	38794143	8.735553	1094.349609	1666.021484
ENSG00000230149	RP3-508I15.19	22	+	38734730	38738990	0.000000	0.000000	0.000000
ENSG00000273096	RP3-508I15.20	22	-	38736610	38736792	0.000000	0.000000	0.000000
ENSG00000225450	RP3-508I15.14	22	+	38739003	38749041	0.000000	0.000000	0.000000
ENSG00000272669	RP3-508I15.21	22	+	38742625	38743115	0.000000	0.000000	0.000000
ENSG00000273076	RP3-508I15.22	22	+	38743495	38743910	0.000000	0.000000	0.000000
ENSG00000100246	DNAL4	22	-	38778508	38794198	0.271784	97.870117	148.996017
ENSG00000221890	NPTXR	22	-	38818452	38843982	10.997752	567.268250	863.600830
ENSG00000244509	APOBEC3C	22	+	39014083	39020352	0.000000	0.000000	0.000000
ENSG00000243811	APOBEC3D	22	+	39014363	39033276	0.000000	0.000000	0.000000
ENSG00000128383	APOBEC3A	22	+	38952741	38992778	0.000000	0.000000	0.000000
ENSG00000179750	APOBEC3B	22	+	38982347	38992804	0.000000	0.000000	0.000000
ENSG00000249310	APOBEC3B-AS1	22	-	38991559	38998209	0.000000	0.000000	0.000000
ENSG00000128394	APOBEC3F	22	+	39040604	39053910	0.000000	0.000000	0.000000
ENSG00000239713	APOBEC3G	22	+	39040961	39087743	0.000000	0.000000	0.000000
ENSG00000259421	CTA-150C2.20	22	+	39070414	39070671	0.000000	0.000000	0.000000
ENSG00000100311	PDGFB	22	-	39223359	39244751	0.746894	70.947014	108.008682
ENSG00000183741	CBX6	22	-	38861450	38872314	14.507553	1015.535828	1546.036743
ENSG00000100307	CBX7	22	-	39120167	39152674	1.992638	497.837006	757.899658
ENSG00000226024	COX5BP7	22	-	39120293	39120566	0.000000	0.000000	0.000000
ENSG00000279833	RP4-742C19.13	22	+	39133090	39136760	0.000000	0.000000	0.000000
ENSG00000100316	RPL3	22	-	39312882	39320389	20.384651	3906.627197	5947.391113
ENSG00000209480	SNORD83B	22	-	39313819	39313911	0.000000	0.000000	0.000000
ENSG00000209482	SNORD83A	22	-	39315213	39315307	1.936842	99.903053	152.090927
ENSG00000263764	SNORD43	22	-	39319050	39319113	0.000000	0.000000	0.000000
ENSG00000100321	SYNGR1	22	+	39349925	39385588	7.337137	1548.142212	2356.868652
ENSG00000280216	RP3-333H23.9	22	+	39379610	39380015	0.000000	0.000000	0.000000
ENSG00000100324	TAB1	22	+	39399741	39437060	1.742081	229.903427	350.001556
ENSG00000128268	MGAT3	22	+	39457344	39492194	2.114316	422.720520	643.543457
ENSG00000227188	MGAT3-AS1	22	-	39475807	39476822	0.000000	0.000000	0.000000
ENSG00000100335	MIEF1	22	+	39499432	39518132	1.255470	153.688446	233.973022
ENSG00000187051	RPS19BP1	22	-	39529093	39532855	1.815512	387.610687	590.092773
ENSG00000128272	ATF4	22	+	39519695	39522685	18.942324	1698.268555	2585.418945
ENSG00000100346	CACNA1I	22	+	39570753	39689737	1.487676	82.779190	126.021812
ENSG00000176177	ENTHD1	22	-	39743044	39893864	0.000000	0.000000	0.000000
ENSG00000235647	RP1-172B20.6	22	+	39750127	39751293	0.000000	0.000000	0.000000
ENSG00000238875	RN7SKP210	22	-	39874255	39874515	0.000000	0.000000	0.000000
ENSG00000226085	UQCRFS1P1	22	+	39875289	39876108	0.000000	0.000000	0.000000
ENSG00000100351	GRAP2	22	+	39901082	39973721	0.000000	0.000000	0.000000
ENSG00000225528	RP3-370M22.8	22	+	39960397	39964718	0.000000	0.000000	0.000000
ENSG00000128285	MCHR1	22	+	40678750	40682814	0.000000	0.000000	0.000000
ENSG00000100372	SLC25A17	22	-	40769630	40819399	0.320132	86.935333	132.349060
ENSG00000230769	RP3-408N23.4	22	-	40788777	40789267	0.000000	0.000000	0.000000
ENSG00000233603	JTBP1	22	+	40798039	40798285	0.000000	0.000000	0.000000
ENSG00000266594	MIR4766	22	-	40813883	40813958	0.000000	0.000000	0.000000
ENSG00000100387	RBX1	22	+	40951347	40973309	1.934399	259.689117	395.346893
ENSG00000239900	ADSL	22	+	40346500	40390463	0.154517	118.184174	179.921829
ENSG00000100359	SGSM3	22	+	40370591	40410289	3.908843	296.203857	450.936371
ENSG00000229999	RP5-1042K10.10	22	-	40372664	40388290	0.000000	0.000000	0.000000
ENSG00000196588	MKL1	22	-	40410281	40636702	0.773392	186.380356	283.742676
ENSG00000272834	RP5-1042K10.13	22	+	40415003	40415445	0.000000	0.000000	0.000000
ENSG00000227413	RP5-1042K10.12	22	+	40433136	40433641	0.000000	0.000000	0.000000
ENSG00000232564	RP4-591N18.2	22	+	40521800	40526707	0.000000	0.000000	0.000000
ENSG00000172912	COX6B1P3	22	+	40569286	40569895	0.000000	0.000000	0.000000
ENSG00000230071	RPL4P6	22	-	40586700	40588003	0.000000	0.000000	0.000000
ENSG00000196236	XPNPEP3	22	+	40857077	40932815	0.000000	0.000000	0.000000
ENSG00000172404	DNAJB7	22	-	40859549	40862126	0.000000	0.000000	0.000000
ENSG00000273979	Metazoa_SRP	22	+	40917111	40917381	0.000000	0.000000	0.000000
ENSG00000200683	RNU6-379P	22	+	40917743	40917846	0.000000	0.000000	0.000000
ENSG00000100380	ST13	22	-	40824535	40857022	14.807875	881.074097	1341.334229
ENSG00000100354	TNRC6B	22	+	40044817	40335808	0.487386	219.272293	333.816895
ENSG00000228599	RPL7P52	22	-	40106325	40107066	0.000000	0.000000	0.000000
ENSG00000100395	L3MBTL2	22	+	41205205	41231271	1.433568	172.498581	262.609283
ENSG00000235513	RP4-756G23.5	22	-	41209122	41217627	0.000000	0.000000	0.000000
ENSG00000100399	CHADL	22	-	41229510	41240934	1.660380	87.874557	133.778931
ENSG00000100393	EP300	22	+	41091786	41180079	2.224349	258.355133	393.315979
ENSG00000252859	RNU6-375P	22	+	41168217	41168316	0.000000	0.000000	0.000000
ENSG00000232754	RP1-85F18.6	22	-	41169190	41183144	0.000000	0.000000	0.000000
ENSG00000231993	EP300-AS1	22	-	41174591	41197456	0.000000	0.000000	0.000000
ENSG00000215771	LRRC37A14P	22	-	41189727	41190188	0.000000	0.000000	0.000000
ENSG00000100401	RANGAP1	22	-	41245611	41286251	7.202776	616.050415	937.865967
ENSG00000274552	MIR6889	22	-	41252992	41253050	0.000000	0.000000	0.000000
ENSG00000100403	ZC3H7B	22	+	41301522	41360147	6.187840	568.501648	865.478516
ENSG00000167074	TEF	22	+	41367333	41399326	5.407517	622.718079	948.016724
ENSG00000199865	RNU6-495P	22	-	41377177	41377283	0.000000	0.000000	0.000000
ENSG00000100410	PHF5A	22	-	41459717	41468725	3.916611	229.737640	349.749176
ENSG00000183864	TOB2	22	-	41433492	41447023	7.179982	370.671021	564.304077
ENSG00000172346	CSDC2	22	+	41560763	41577741	3.571692	215.608582	328.239319
ENSG00000100417	PMM1	22	-	41576894	41589890	0.327572	66.153336	100.710861
ENSG00000100418	DESI1	22	-	41598028	41621096	3.983995	266.560455	405.807709
ENSG00000100412	ACO2	22	+	41469125	41528989	16.538872	1323.892212	2015.473755
ENSG00000100413	POLR3H	22	-	41525804	41544606	2.931902	269.559998	410.374176
ENSG00000196419	XRCC6	22	+	41621119	41664048	17.742125	1230.537354	1873.351929
ENSG00000200332	Y_RNA	22	-	41648089	41648190	0.000000	0.000000	0.000000
ENSG00000100138	SNU13	22	-	41673930	41690504	8.125258	857.966553	1306.155640
ENSG00000207457	RNU6-476P	22	+	41679711	41679817	0.000000	0.000000	0.000000
ENSG00000184208	C22orf46	22	+	41688939	41698136	0.962008	53.271240	81.099350
ENSG00000100147	CCDC134	22	+	41800679	41826299	0.000000	0.000000	0.000000
ENSG00000167077	MEI1	22	+	41699499	41799456	0.000000	0.000000	0.000000
ENSG00000231261	HMGN2P10	22	-	41709225	41709489	0.000000	0.000000	0.000000
ENSG00000252603	RNU6ATAC22P	22	-	41722043	41722131	0.000000	0.000000	0.000000
ENSG00000206813	Y_RNA	22	+	41747312	41747413	0.000000	0.000000	0.000000
ENSG00000234965	SHISA8	22	-	41909554	41914667	2.994650	154.465195	235.155533
ENSG00000205704	LINC00634	22	+	41952165	41958933	2.790759	144.997055	220.741364
ENSG00000159958	TNFRSF13C	22	-	41922023	41926818	0.000000	0.000000	0.000000
ENSG00000177096	FAM109B	22	+	42074251	42079441	0.000000	0.000000	0.000000
ENSG00000238498	SNORD13P1	22	-	42076058	42076161	0.000000	0.000000	0.000000
ENSG00000184068	RP5-821D11.7	22	-	41831215	41834665	0.000000	0.000000	0.000000
ENSG00000198911	SREBF2	22	+	41833079	41907308	5.015502	706.936523	1076.229614
ENSG00000207932	MIR33A	22	+	41900944	41901012	0.000000	0.000000	0.000000
ENSG00000183066	WBP2NL	22	+	41998725	42058456	0.000000	0.000000	0.000000
ENSG00000215347	SLC25A5P1	22	-	42001069	42001966	0.000000	0.000000	0.000000
ENSG00000198951	NAGA	22	-	42058354	42070842	1.063801	55.049473	83.806503
ENSG00000100167	SEPT3	22	+	41976272	41998221	11.871442	1366.439087	2080.246826
ENSG00000224883	CTA-250D10.19	22	-	41981304	41982217	0.000000	0.000000	0.000000
ENSG00000205702	CYP2D7	22	-	42140203	42144577	0.000000	0.000000	0.000000
ENSG00000226450	CYP2D8P	22	-	42149886	42155001	0.000000	0.000000	0.000000
ENSG00000229891	LINC01315	22	-	42364400	42369236	0.000000	0.000000	0.000000
ENSG00000183172	SMDT1	22	+	42079691	42084284	2.228042	126.950981	193.268295
ENSG00000184983	NDUFA6	22	-	42085525	42090955	6.283398	416.524597	634.110840
ENSG00000270083	RP1-257I20.14	22	-	42089630	42090028	0.000000	0.000000	0.000000
ENSG00000237037	NDUFA6-AS1	22	+	42090931	42137742	0.620568	205.639633	313.062744
ENSG00000213790	OLA1P1	22	-	42107765	42108953	0.000000	0.000000	0.000000
ENSG00000100197	CYP2D6	22	-	42126499	42130906	0.000000	0.000000	0.000000
ENSG00000227370	RP4-669P10.19	22	+	42132543	42132998	0.000000	0.000000	0.000000
ENSG00000232710	RP4-669P10.16	22	-	42136433	42139927	0.000000	0.000000	0.000000
ENSG00000281538	RP4-669P10.20	22	+	42138060	42139726	1.361332	70.218033	106.898888
ENSG00000235568	NFAM1	22	-	42380410	42432395	0.000000	0.000000	0.000000
ENSG00000172250	SERHL	22	+	42500579	42512560	0.000000	0.000000	0.000000
ENSG00000189306	RRP7A	22	-	42509968	42519802	2.868812	158.913910	241.928177
ENSG00000100207	TCF20	22	-	42160013	42343616	4.444091	233.496933	355.472260
ENSG00000182057	OGFRP1	22	+	42269753	42275196	0.000000	0.000000	0.000000
ENSG00000233903	Z83851.4	22	+	42276355	42277052	0.000000	0.000000	0.000000
ENSG00000273366	CTA-989H11.1	22	+	42278188	42278846	0.000000	0.000000	0.000000
ENSG00000276027	RNU12	22	+	42615244	42615393	0.000000	0.000000	0.000000
ENSG00000270022	RNU12	22	+	42615244	42615907	1.325301	68.359535	104.069542
ENSG00000100227	POLDIP3	22	-	42583721	42614962	6.116712	334.665405	509.489624
ENSG00000183569	SERHL2	22	+	42553617	42574382	0.000000	0.000000	0.000000
ENSG00000182841	RRP7BP	22	-	42555223	42582038	0.557264	100.730713	153.350952
ENSG00000202058	RN7SKP80	22	-	42565048	42565330	116.134277	5990.250977	9119.468750
ENSG00000251913	RNU6-513P	22	-	42569147	42569250	0.000000	0.000000	0.000000
ENSG00000128274	A4GALT	22	-	42692121	42721298	0.000000	0.000000	0.000000
ENSG00000100243	CYB5R3	22	-	42617840	42649568	2.201538	405.591553	617.466614
ENSG00000249222	ATP5L2	22	-	42639803	42640601	0.000000	0.000000	0.000000
ENSG00000230319	AL022476.2	22	+	43038585	43052366	0.000000	0.000000	0.000000
ENSG00000100271	TTLL1	22	-	43039644	43089428	1.851915	101.561623	154.615906
ENSG00000100300	TSPO	22	+	43151514	43163242	0.218283	88.439003	134.638229
ENSG00000100294	MCAT	22	-	43132206	43143394	0.000000	0.000000	0.000000
ENSG00000100304	TTLL12	22	-	43166622	43187133	1.560719	111.538147	169.804016
ENSG00000242247	ARFGAP3	22	-	42796502	42858106	2.549877	155.646286	236.953598
ENSG00000100266	PACSIN2	22	-	42835412	43015145	0.242464	246.548248	375.341400
ENSG00000226989	AL049758.2	22	-	42853403	42853799	0.000000	0.000000	0.000000
ENSG00000186732	MPPED1	22	+	43411196	43507848	1.109581	282.830200	430.576508
ENSG00000261251	RP3-388M5.9	22	+	43812456	43817394	0.000000	0.000000	0.000000
ENSG00000100341	PNPLA5	22	-	43879678	43892013	0.000000	0.000000	0.000000
ENSG00000130540	SULT4A1	22	-	43824509	43862503	16.065502	956.590759	1456.299683
ENSG00000223843	EFCAB6-AS1	22	+	43516107	43537117	0.000000	0.000000	0.000000
ENSG00000186976	EFCAB6	22	-	43528744	43812337	0.000000	0.000000	0.000000
ENSG00000233157	RP3-388M5.8	22	-	43759199	43759910	0.000000	0.000000	0.000000
ENSG00000180150	HMGN2P9	22	+	43802544	43802772	0.000000	0.000000	0.000000
ENSG00000138944	KIAA1644	22	-	44243667	44312851	3.604207	185.906387	283.021118
ENSG00000188636	LDOC1L	22	-	44492572	44498298	5.081165	262.088440	398.999573
ENSG00000226328	NUP50-AS1	22	-	45133020	45163781	1.531243	86.096581	131.072159
ENSG00000273243	CTA-217C2.2	22	-	45155539	45156011	0.000000	0.000000	0.000000
ENSG00000186654	PRR5	22	+	44668547	44737681	0.000000	0.000000	0.000000
ENSG00000248405	PRR5-ARHGAP8	22	+	44702233	44862706	0.000000	0.000000	0.000000
ENSG00000241484	ARHGAP8	22	+	44752558	44862788	0.000000	0.000000	0.000000
ENSG00000093000	NUP50	22	+	45163841	45188015	1.782609	182.454529	277.766052
ENSG00000273353	CTA-268H5.12	22	+	45178990	45179310	0.000000	0.000000	0.000000
ENSG00000100344	PNPLA3	22	+	43923739	43964488	0.000000	0.000000	0.000000
ENSG00000100347	SAMM50	22	+	43955421	44010531	0.805139	172.647995	262.836761
ENSG00000224856	RP4-796I17.5	22	+	43957027	43957348	0.000000	0.000000	0.000000
ENSG00000188677	PARVB	22	+	43999211	44172949	0.143696	105.030708	159.897202
ENSG00000279175	CTA-414D7.1	22	+	44102779	44116232	0.000000	0.000000	0.000000
ENSG00000280434	RP4-671O14.6	22	+	44139365	44153626	0.000000	0.000000	0.000000
ENSG00000138964	PARVG	22	+	44172956	44219533	0.000000	0.000000	0.000000
ENSG00000279933	RP4-671O14.5	22	-	44183031	44187739	0.000000	0.000000	0.000000
ENSG00000280011	RP4-671O14.7	22	-	44210442	44229512	0.000000	0.000000	0.000000
ENSG00000056487	PHF21B	22	-	44881162	45009999	0.000000	0.000000	0.000000
ENSG00000223730	RP1-127B20.4	22	+	44901547	44902471	0.000000	0.000000	0.000000
ENSG00000230922	RP4-753M9.1	22	-	45000565	45003619	0.000000	0.000000	0.000000
ENSG00000273287	CTA-268H5.14	22	-	45262273	45263585	0.000000	0.000000	0.000000
ENSG00000100364	KIAA0930	22	-	45190338	45240769	1.209457	411.333801	626.208496
ENSG00000221598	MIR1249	22	-	45200954	45201019	0.000000	0.000000	0.000000
ENSG00000100376	FAM118A	22	+	45308968	45341955	0.000000	0.000000	0.000000
ENSG00000077942	FBLN1	22	+	45502238	45601135	0.145713	77.723434	118.325012
ENSG00000280424	CITF22-92A6.2	22	+	46006616	46010777	0.000000	0.000000	0.000000
ENSG00000188064	WNT7B	22	-	45920362	45977129	0.000000	0.000000	0.000000
ENSG00000231711	LINC00899	22	-	46039907	46044853	0.000000	0.000000	0.000000
ENSG00000280383	CTA-941F9.10	22	+	45657019	45680130	0.000000	0.000000	0.000000
ENSG00000130638	ATXN10	22	+	45671798	45845307	0.318979	487.824127	742.656189
ENSG00000264160	MIR4762	22	+	45760524	45760598	0.000000	0.000000	0.000000
ENSG00000235347	RP1-37M3.8	22	-	45792418	45793636	0.000000	0.000000	0.000000
ENSG00000130943	PKDREJ	22	-	46255663	46263355	0.000000	0.000000	0.000000
ENSG00000277232	GTSE1-AS1	22	-	46295143	46296660	0.000000	0.000000	0.000000
ENSG00000075218	GTSE1	22	+	46296741	46330810	0.000000	0.000000	0.000000
ENSG00000075234	TTC38	22	+	46267961	46294008	0.929895	65.753387	100.101974
ENSG00000182257	PRR34	22	-	46049478	46054144	0.000000	0.000000	0.000000
ENSG00000273289	RP6-109B7.5	22	+	46053093	46053560	1.220086	62.932507	95.807510
ENSG00000241990	PRR34-AS1	22	+	46053705	46057210	0.000000	0.000000	0.000000
ENSG00000197182	MIRLET7BHG	22	+	46053869	46113928	0.441856	291.607941	443.939606
ENSG00000231010	RP6-109B7.2	22	-	46055740	46058160	0.000000	0.000000	0.000000
ENSG00000235159	RP6-109B7.4	22	-	46067356	46069891	0.000000	0.000000	0.000000
ENSG00000266533	MIR3619	22	+	46091044	46091126	1.951807	100.674950	153.266052
ENSG00000186951	PPARA	22	+	46150521	46243756	0.000000	0.000000	0.000000
ENSG00000280384	RP4-695O20.1	22	+	46163303	46165347	0.000000	0.000000	0.000000
ENSG00000205643	CDPF1	22	-	46244011	46250679	1.165087	64.262299	97.831970
ENSG00000100416	TRMU	22	+	46330875	46357340	0.565271	130.270187	198.321396
ENSG00000100422	CERK	22	-	46684411	46738261	4.582840	395.001434	601.344360
ENSG00000075240	GRAMD4	22	+	46576012	46679790	0.274192	170.891647	260.162903
ENSG00000280312	RP1-111J24.1	22	+	47259366	47261007	0.000000	0.000000	0.000000
ENSG00000260708	CTA-29F11.1	22	-	46761894	46762563	0.000000	0.000000	0.000000
ENSG00000054611	TBC1D22A	22	+	46762617	47175699	0.177198	72.354584	110.151558
ENSG00000280080	U51561.1	22	-	46915328	46915908	0.000000	0.000000	0.000000
ENSG00000278881	FP325331.1	22	-	47115838	47117217	0.000000	0.000000	0.000000
ENSG00000205632	LINC01310	22	+	48866770	48898386	0.000000	0.000000	0.000000
ENSG00000205634	LINC00898	22	-	47621043	47631569	0.000000	0.000000	0.000000
ENSG00000224271	RP11-191L9.4	22	+	47631674	47855600	0.000000	0.000000	0.000000
ENSG00000232897	RP11-191L9.5	22	-	47662559	47663603	0.000000	0.000000	0.000000
ENSG00000230345	RP13-455A7.1	22	+	47860671	47862062	0.000000	0.000000	0.000000
ENSG00000279712	CTA-280A3.2	22	+	47916728	47926264	0.000000	0.000000	0.000000
ENSG00000100425	BRD1	22	-	49773283	49827512	1.306855	143.955597	219.155853
ENSG00000279345	RP3-522J7.7	22	+	49805452	49807208	0.000000	0.000000	0.000000
ENSG00000236867	RP3-522J7.5	22	+	49817248	49817712	0.000000	0.000000	0.000000
ENSG00000198355	PIM3	22	+	49960513	49964080	3.002717	160.896133	244.945892
ENSG00000276753	MIR6821	22	+	49962866	49962939	0.000000	0.000000	0.000000
ENSG00000219438	FAM19A5	22	+	48489460	48850912	0.247322	530.546875	807.696655
ENSG00000281732	CTA-299D3.8	22	-	48538900	48547387	0.000000	0.000000	0.000000
ENSG00000266887	MIR4535	22	+	48780295	48780353	0.000000	0.000000	0.000000
ENSG00000100426	ZBED4	22	+	49853842	49890078	0.000000	0.000000	0.000000
ENSG00000182858	ALG12	22	-	49900229	49918458	1.114519	57.487320	87.517838
ENSG00000273192	CITF22-1A6.3	22	+	49902228	49904576	0.000000	0.000000	0.000000
ENSG00000184164	CRELD2	22	+	49918167	49927540	0.384359	66.315041	100.957039
ENSG00000100427	MLC1	22	-	50059391	50085902	11.066325	672.048584	1023.116821
ENSG00000073150	PANX2	22	+	50170731	50180294	2.308167	124.599236	189.688019
ENSG00000073146	MOV10L1	22	+	50089879	50161690	0.000000	0.000000	0.000000
ENSG00000280395	RP5-898I4.1	22	+	50092745	50096437	0.000000	0.000000	0.000000
ENSG00000188511	C22orf34	22	-	49414524	49657542	0.000000	0.000000	0.000000
ENSG00000280224	CTA-722E9.1	22	+	49500568	49501585	0.000000	0.000000	0.000000
ENSG00000279597	RP4-566L20.1	22	+	49534062	49534926	0.000000	0.000000	0.000000
ENSG00000264139	MIR3667	22	-	49543393	49543466	0.000000	0.000000	0.000000
ENSG00000212939	RP1-29C18.10	22	+	49548681	49556473	0.000000	0.000000	0.000000
ENSG00000213279	RP1-29C18.9	22	-	49572264	49575426	0.000000	0.000000	0.000000
ENSG00000235111	RP1-29C18.8	22	-	49612657	49615716	0.000000	0.000000	0.000000
ENSG00000185386	MAPK11	22	-	50263713	50270767	2.929706	168.616837	256.699768
ENSG00000100429	HDAC10	22	-	50245183	50251405	0.000000	0.000000	0.000000
ENSG00000188130	MAPK12	22	-	50245450	50261825	1.039177	147.231415	224.142914
ENSG00000170638	TRABD	22	+	50185915	50199598	0.706705	83.670090	127.378105
ENSG00000273188	RP3-402G11.25	22	-	50191724	50192402	0.000000	0.000000	0.000000
ENSG00000273253	RP3-402G11.26	22	-	50199090	50200837	1.973426	101.790070	154.963699
ENSG00000073169	SELO	22	+	50200979	50217616	3.415840	179.843521	273.791107
ENSG00000272836	RP3-402G11.27	22	-	50205585	50206062	0.000000	0.000000	0.000000
ENSG00000273137	RP3-402G11.28	22	-	50208461	50209542	0.000000	0.000000	0.000000
ENSG00000128159	TUBGCP6	22	-	50217689	50244992	4.931665	383.688019	584.120972
ENSG00000205593	DENND6B	22	-	50309030	50327060	1.904223	118.027725	179.683670
ENSG00000227484	XX-C283C717.1	22	+	50314631	50316008	0.000000	0.000000	0.000000
ENSG00000279182	XX-C00717C00720L.1	22	+	50316035	50317025	0.000000	0.000000	0.000000
ENSG00000196576	PLXNB2	22	-	50274979	50307627	3.977100	271.310150	413.038544
ENSG00000100258	LMF2	22	-	50502949	50507691	2.703110	182.789322	278.275757
ENSG00000025770	NCAPH2	22	+	50508216	50523472	4.045490	346.652649	527.738831
ENSG00000130489	SCO2	22	-	50523568	50526439	0.000000	0.000000	0.000000
ENSG00000272821	CTA-384D8.36	22	+	50523926	50524780	2.841801	146.581177	223.153030
ENSG00000025708	TYMP	22	-	50525752	50530056	0.526608	53.192890	80.980072
ENSG00000177989	ODF3B	22	-	50529710	50532580	0.000000	0.000000	0.000000
ENSG00000100299	ARSA	22	-	50622754	50628173	2.670191	286.935791	436.826813
ENSG00000205560	CPT1B	22	-	50568861	50578465	1.111899	91.371353	139.102386
ENSG00000254413	CHKB-CPT1B	22	-	50568869	50582965	0.000000	0.000000	0.000000
ENSG00000100288	CHKB	22	-	50578949	50601455	2.302999	226.689148	345.108185
ENSG00000205559	CHKB-AS1	22	+	50583026	50583877	1.064014	54.882248	83.551926
ENSG00000272940	CTA-384D8.33	22	+	50597152	50597599	0.000000	0.000000	0.000000
ENSG00000008735	MAPK8IP2	22	+	50600685	50613981	10.881545	746.270508	1136.111206
ENSG00000251322	SHANK3	22	+	50674415	50733298	6.299315	397.867981	605.708313
ENSG00000206841	RNU6-409P	22	-	50691260	50691363	0.000000	0.000000	0.000000
ENSG00000100239	PPP6R2	22	+	50343304	50445090	3.829475	357.814850	544.731995
ENSG00000100241	SBF1	22	-	50445000	50475024	11.322637	933.722046	1421.484619
ENSG00000184319	RPL23AP82	22	+	50756948	50801309	1.156622	106.854950	162.674393
ENSG00000079974	RABL2B	22	-	50767501	50783663	1.235512	368.358704	560.783813
ERCC-00004	ERCC-00004	ERCC-00004	+	1	523	142.957932	7373.825195	11225.802734
ERCC-00003	ERCC-00003	ERCC-00003	+	1	1023	238.028351	12277.593750	18691.226562
ERCC-00019	ERCC-00019	ERCC-00019	+	1	644	0.000000	0.000000	0.000000
ERCC-00009	ERCC-00009	ERCC-00009	+	1	984	52.777439	2722.280518	4144.359863
ERCC-00014	ERCC-00014	ERCC-00014	+	1	1957	0.000000	0.000000	0.000000
ERCC-00022	ERCC-00022	ERCC-00022	+	1	751	32.284954	1665.270386	2535.182861
ERCC-00028	ERCC-00028	ERCC-00028	+	1	1130	0.000000	0.000000	0.000000
ERCC-00025	ERCC-00025	ERCC-00025	+	1	1994	6.442327	332.297699	505.885101
ERCC-00034	ERCC-00034	ERCC-00034	+	1	1019	1.201178	61.957222	94.322754
ERCC-00039	ERCC-00039	ERCC-00039	+	1	740	0.000000	0.000000	0.000000
ERCC-00035	ERCC-00035	ERCC-00035	+	1	1130	6.589381	339.882812	517.432556
ERCC-00042	ERCC-00042	ERCC-00042	+	1	1023	53.360703	2752.365479	4190.160645
ERCC-00044	ERCC-00044	ERCC-00044	+	1	1156	15.519897	800.522278	1218.703247
ERCC-00043	ERCC-00043	ERCC-00043	+	1	1023	137.531769	7093.941406	10799.711914
ERCC-00051	ERCC-00051	ERCC-00051	+	1	274	0.000000	0.000000	0.000000
ERCC-00002	ERCC-00002	ERCC-00002	+	1	1061	2905.049072	149843.546875	228119.593750
ERCC-00054	ERCC-00054	ERCC-00054	+	1	274	0.000000	0.000000	0.000000
ERCC-00053	ERCC-00053	ERCC-00053	+	1	1023	2.367546	122.118935	185.912048
ERCC-00058	ERCC-00058	ERCC-00058	+	1	1136	0.000000	0.000000	0.000000
ERCC-00059	ERCC-00059	ERCC-00059	+	1	525	3.306667	170.559158	259.656738
ERCC-00060	ERCC-00060	ERCC-00060	+	1	523	27.975143	1442.968628	2196.754150
ERCC-00069	ERCC-00069	ERCC-00069	+	1	1137	0.000000	0.000000	0.000000
ERCC-00062	ERCC-00062	ERCC-00062	+	1	1023	2.286412	117.934013	179.540985
ERCC-00046	ERCC-00046	ERCC-00046	+	1	522	486.739471	25106.208984	38221.320312
ERCC-00071	ERCC-00071	ERCC-00071	+	1	642	9.669782	498.771027	759.321655
ERCC-00073	ERCC-00073	ERCC-00073	+	1	603	0.000000	0.000000	0.000000
ERCC-00077	ERCC-00077	ERCC-00077	+	1	273	0.000000	0.000000	0.000000
ERCC-00076	ERCC-00076	ERCC-00076	+	1	642	24.716513	1274.887207	1940.869385
ERCC-00078	ERCC-00078	ERCC-00078	+	1	993	6.555891	338.155396	514.802734
ERCC-00079	ERCC-00079	ERCC-00079	+	1	644	7.138199	368.191040	560.528564
ERCC-00084	ERCC-00084	ERCC-00084	+	1	994	4.763581	245.707336	374.061218
ERCC-00085	ERCC-00085	ERCC-00085	+	1	844	0.000000	0.000000	0.000000
ERCC-00095	ERCC-00095	ERCC-00095	+	1	521	5.610365	289.384766	440.555115
ERCC-00092	ERCC-00092	ERCC-00092	+	1	1124	5.157473	266.024445	404.991669
ERCC-00074	ERCC-00074	ERCC-00074	+	1	522	3220.116943	166094.859375	252860.375000
ERCC-00099	ERCC-00099	ERCC-00099	+	1	1350	2.181482	112.521675	171.301331
ERCC-00108	ERCC-00108	ERCC-00108	+	1	1022	17.053816	879.642395	1339.154541
ERCC-00112	ERCC-00112	ERCC-00112	+	1	1136	25.933979	1337.684570	2036.471313
ERCC-00111	ERCC-00111	ERCC-00111	+	1	994	86.206238	4446.550781	6769.363281
ERCC-00096	ERCC-00096	ERCC-00096	+	1	1107	1520.561035	78431.125000	119402.375000
ERCC-00120	ERCC-00120	ERCC-00120	+	1	536	0.000000	0.000000	0.000000
ERCC-00126	ERCC-00126	ERCC-00126	+	1	1118	0.000000	0.000000	0.000000
ERCC-00116	ERCC-00116	ERCC-00116	+	1	1991	12.410849	640.156311	974.564575
ERCC-00113	ERCC-00113	ERCC-00113	+	1	840	682.841675	35221.234375	53620.285156
ERCC-00131	ERCC-00131	ERCC-00131	+	1	771	3.896239	200.969513	305.953003
ERCC-00138	ERCC-00138	ERCC-00138	+	1	1024	0.000000	0.000000	0.000000
ERCC-00144	ERCC-00144	ERCC-00144	+	1	538	0.000000	0.000000	0.000000
ERCC-00136	ERCC-00136	ERCC-00136	+	1	1033	40.418201	2084.786377	3173.847656
ERCC-00148	ERCC-00148	ERCC-00148	+	1	494	0.000000	0.000000	0.000000
ERCC-00154	ERCC-00154	ERCC-00154	+	1	537	0.000000	0.000000	0.000000
ERCC-00157	ERCC-00157	ERCC-00157	+	1	1019	1.566241	80.787315	122.989410
ERCC-00160	ERCC-00160	ERCC-00160	+	1	743	1.695828	87.471458	133.165253
ERCC-00162	ERCC-00162	ERCC-00162	+	1	523	9.051625	466.886322	710.780762
ERCC-00163	ERCC-00163	ERCC-00163	+	1	543	1.473297	75.993225	115.690956
ERCC-00168	ERCC-00168	ERCC-00168	+	1	1024	0.000000	0.000000	0.000000
ERCC-00170	ERCC-00170	ERCC-00170	+	1	1023	0.000000	0.000000	0.000000
ERCC-00165	ERCC-00165	ERCC-00165	+	1	872	5.888762	303.744598	462.416290
ERCC-00145	ERCC-00145	ERCC-00145	+	1	1042	74.836853	3860.113525	5876.580078
ERCC-00130	ERCC-00130	ERCC-00130	+	1	1059	619.528809	31955.533203	48648.632812
ERCC-00171	ERCC-00171	ERCC-00171	+	1	505	293.376251	15132.459961	23037.433594
ENSG00000274381	LL22NC03-84E4.13	22	+	22803076	22803360	0.0	0.0	0.0
ENSG00000223726	CTA-929C8.7	22	-	27307483	27318538	0.0	0.0	0.0
ENSG00000211653	IGLV1-40	22	+	22409766	22410282	0.0	0.0	0.0
ENSG00000253239	IGLVI-70	22	+	22026076	22026593	0.0	0.0	0.0
ENSG00000228161	LL22NC03-23C6.15	22	+	22046430	22046591	0.0	0.0	0.0
ENSG00000231405	CTA-992D9.7	22	+	27143478	27159878	0.0	0.0	0.0
ENSG00000225544	KB-1027C11.4	22	-	21885282	21885673	0.0	0.0	0.0
ENSG00000215333	KRT18P23	22	+	44566965	44568247	0.0	0.0	0.0
ENSG00000234121	GPM6BP3	22	+	16837522	16837666	0.0	0.0	0.0
ENSG00000279494	RP11-494O16.4	22	+	49851425	49853364	0.0	0.0	0.0
ENSG00000237668	RPS15AP38	22	-	36421273	36421644	0.0	0.0	0.0
ENSG00000213683	AC002056.3	22	-	50754675	50755434	0.0	0.0	0.0
ENSG00000233179	RP11-536P6.3	22	+	48448890	48451217	0.0	0.0	0.0
ENSG00000226474	LA16c-2F2.5	22	-	15615402	15615578	0.0	0.0	0.0
ENSG00000277870	FAM230A	22	+	18487126	18500583	0.0	0.0	0.0
ENSG00000063515	GSC2	22	-	19148576	19150283	0.0	0.0	0.0
ENSG00000253448	IGLV3-6	22	+	22850375	22850624	0.0	0.0	0.0
ENSG00000187045	TMPRSS6	22	-	37065436	37109563	0.0	0.0	0.0
ENSG00000211672	IGLV4-3	22	+	22871507	22872035	0.0	0.0	0.0
ENSG00000280199	RP1-34P24.3	22	+	49264201	49266080	0.0	0.0	0.0
ENSG00000211668	IGLV2-11	22	+	22792491	22793007	0.0	0.0	0.0
ENSG00000237129	MTCYBP34	22	+	36175857	36176526	0.0	0.0	0.0
ENSG00000233080	LINC01399	22	-	35119824	35231056	0.0	0.0	0.0
ENSG00000211685	IGLC7	22	+	22922594	22923034	0.0	0.0	0.0
ENSG00000235485	RP1-101G11.2	22	-	34589085	34591278	0.0	0.0	0.0
ENSG00000232218	RP1-149A16.16	22	+	32386668	32386868	0.0	0.0	0.0
ENSG00000226738	CTA-384D8.31	22	+	50546415	50547652	0.0	0.0	0.0
ENSG00000211657	IGLV3-32	22	+	22594528	22595056	0.0	0.0	0.0
ENSG00000229088	MTND1P10	22	+	36178554	36179385	0.0	0.0	0.0
ENSG00000188280	AC007731.1	22	+	20338805	20354372	0.0	0.0	0.0
ENSG00000253481	IGKV1OR22-1	22	-	16933521	16934003	0.0	0.0	0.0
ENSG00000279184	RP3-323A16.1	22	+	35160947	35215025	0.0	0.0	0.0
ENSG00000225413	AP000345.4	22	-	23512494	23513602	0.0	0.0	0.0
ENSG00000254073	IGLVVII-41-1	22	+	22398849	22398999	0.0	0.0	0.0
ENSG00000280623	PCAT14	22	+	23536881	23547797	0.0	0.0	0.0
ENSG00000224124	POM121L10P	22	-	24657481	24658765	0.0	0.0	0.0
ENSG00000169548	ZNF280A	22	-	22513736	22520270	0.0	0.0	0.0
ENSG00000236235	LA16c-13E4.3	22	+	15290718	15297196	0.0	0.0	0.0
ENSG00000231467	RP5-1170K4.7	22	+	37080068	37082847	0.0	0.0	0.0
ENSG00000253786	IGLV3-15	22	+	22755554	22755797	0.0	0.0	0.0
ENSG00000211680	IGLJ4	22	+	22910574	22910606	0.0	0.0	0.0
ENSG00000214727	RPL5P35	22	-	49757627	49758980	0.0	0.0	0.0
ENSG00000226741	CTA-929C8.6	22	+	27310651	27317456	0.0	0.0	0.0
ENSG00000260613	RP3-522J7.6	22	-	49832616	49837786	0.0	0.0	0.0
ENSG00000276800	Metazoa_SRP	22	+	21463963	21464279	0.0	0.0	0.0
ENSG00000234381	MED15P7	22	-	15635180	15644330	0.0	0.0	0.0
ENSG00000217261	POM121L4P	22	+	20689929	20698938	0.0	0.0	0.0
ENSG00000278110	XXbac-B33L19.10	22	-	18623339	18625289	0.0	0.0	0.0
ENSG00000254161	IGLVIV-65	22	+	22070225	22070707	0.0	0.0	0.0
ENSG00000228622	RP1-302D9.1	22	-	33105383	33106059	0.0	0.0	0.0
ENSG00000254077	IGLV3-7	22	+	22838602	22838872	0.0	0.0	0.0
ENSG00000232655	CTA-397C4.2	22	+	44443327	44444788	0.0	0.0	0.0
ENSG00000211649	IGLV7-46	22	+	22369614	22370087	0.0	0.0	0.0
ENSG00000253329	IGLV3-30	22	+	22618572	22619163	0.0	0.0	0.0
ENSG00000231004	CECR9	22	+	17329034	17329232	0.0	0.0	0.0
ENSG00000169575	VPREB1	22	+	22244675	22245515	0.0	0.0	0.0
ENSG00000228587	RP1-41P2.7	22	+	35685940	35689373	0.0	0.0	0.0
ENSG00000230471	LA16c-2F2.8	22	-	15600908	15604882	0.0	0.0	0.0
ENSG00000198062	POTEH	22	+	15690026	15721631	0.0	0.0	0.0
ENSG00000224688	E2F6P2	22	-	21141624	21142371	0.0	0.0	0.0
ENSG00000272942	CTA-246H3.12	22	-	25434324	25435070	0.0	0.0	0.0
ENSG00000133454	MYO18B	22	+	25742144	26031041	0.0	0.0	0.0
ENSG00000175329	ISX	22	+	35066136	35087387	0.0	0.0	0.0
ENSG00000100290	BIK	22	+	43110748	43129712	0.0	0.0	0.0
ENSG00000274625	SCARNA17	22	+	18605355	18605497	0.0	0.0	0.0
ENSG00000252267	RNA5SP495	22	-	26390667	26390776	0.0	0.0	0.0
ENSG00000278667	LL22NC03-48A11.14	22	-	22730725	22731090	0.0	0.0	0.0
ENSG00000227009	FUNDC2P4	22	+	39155525	39155945	0.0	0.0	0.0
ENSG00000253920	IGLV3-31	22	+	22604445	22605165	0.0	0.0	0.0
ENSG00000133488	SEC14L4	22	-	30488913	30505711	0.0	0.0	0.0
ENSG00000231495	RP1-213J1P__B.2	22	+	27707580	27709931	0.0	0.0	0.0
ENSG00000238195	CTA-503F6.2	22	+	27204211	27205126	0.0	0.0	0.0
ENSG00000232515	LL22NC03-75A1.9	22	+	22347807	22348164	0.0	0.0	0.0
ENSG00000207343	RNU6-225P	22	-	20416797	20416899	0.0	0.0	0.0
ENSG00000206069	TMEM211	22	-	24935110	24946695	0.0	0.0	0.0
ENSG00000264824	MIR5571	22	+	22886267	22886379	0.0	0.0	0.0
ENSG00000236117	RP4-754E20__A.5	22	+	43400331	43409681	0.0	0.0	0.0
ENSG00000227880	RP11-46E17.6	22	-	27457247	27460060	0.0	0.0	0.0
ENSG00000276160	GGTLC5P	22	+	18340145	18345899	0.0	0.0	0.0
ENSG00000225480	AC006548.19	22	+	16897445	16897546	0.0	0.0	0.0
ENSG00000214125	RP3-412A9.15	22	-	31155966	31156647	0.0	0.0	0.0
ENSG00000283535	AC007064.29	22	+	16844399	16846357	0.0	0.0	0.0
ENSG00000241832	CECR3	22	-	17256859	17266733	0.0	0.0	0.0
ENSG00000199515	Y_RNA	22	-	41065554	41065646	0.0	0.0	0.0
ENSG00000238192	LL22NC03-121E8.4	22	-	48139461	48141001	0.0	0.0	0.0
ENSG00000228807	MRPS18CP6	22	-	44483495	44483717	0.0	0.0	0.0
ENSG00000211648	IGLV1-47	22	+	22357739	22358260	0.0	0.0	0.0
ENSG00000198125	MB	22	-	35606764	35637951	0.0	0.0	0.0
ENSG00000253779	IGLVVI-25-1	22	+	22679097	22679345	0.0	0.0	0.0
ENSG00000282012	LL22NC03-N95F10.1	22	-	24691122	24696003	0.0	0.0	0.0
ENSG00000279920	KB-1183D5.18	22	+	21354563	21355763	0.0	0.0	0.0
ENSG00000226954	RP5-983L19.2	22	-	49718053	49724506	0.0	0.0	0.0
ENSG00000277690	XXbac-B33L19.15	22	+	18527157	18527626	0.0	0.0	0.0
ENSG00000182351	CRIP1P4	22	+	24712292	24712520	0.0	0.0	0.0
ENSG00000240122	FABP5P11	22	-	16595089	16595485	0.0	0.0	0.0
ENSG00000253913	IGLV3-26	22	+	22673152	22673602	0.0	0.0	0.0
ENSG00000234626	RP1-149A16.12	22	-	32327171	32343105	0.0	0.0	0.0
ENSG00000253889	IGLVI-38	22	+	22425821	22426314	0.0	0.0	0.0
ENSG00000211678	IGLJ3	22	+	22904850	22905025	0.0	0.0	0.0
ENSG00000211641	IGLV11-55	22	+	22201663	22202206	0.0	0.0	0.0
ENSG00000281548	LINC00895	22	-	19565203	19566839	0.0	0.0	0.0
ENSG00000227838	RP1-213J1P__B.1	22	-	27676559	27714970	0.0	0.0	0.0
ENSG00000233408	LA16c-23H5.4	22	-	15557577	15560694	0.0	0.0	0.0
ENSG00000236118	LL22NC03-30E12.10	22	+	22155582	22155942	0.0	0.0	0.0
ENSG00000253823	IGLV1-62	22	+	22086561	22087110	0.0	0.0	0.0
ENSG00000280356	RP1-101G11.3	22	+	34641179	34651862	0.0	0.0	0.0
ENSG00000188078	RP5-1119A7.11	22	-	36536656	36537604	0.0	0.0	0.0
ENSG00000277950	Metazoa_SRP	22	+	20070716	20070965	0.0	0.0	0.0
ENSG00000225282	AP000350.6	22	+	23926900	23929574	0.0	0.0	0.0
ENSG00000231565	NEK2P2	22	-	15611759	15613096	0.0	0.0	0.0
ENSG00000279954	WI2-85898F10.2	22	+	45875932	45879247	0.0	0.0	0.0
ENSG00000133477	FAM83F	22	+	39994949	40043529	0.0	0.0	0.0
ENSG00000261202	RP3-496C20.1	22	-	40043068	40044530	0.0	0.0	0.0
ENSG00000275361	LL22NC03-88E1.18	22	+	22087924	22088085	0.0	0.0	0.0
ENSG00000230120	RP1-90G24.8	22	-	32159454	32160392	0.0	0.0	0.0
ENSG00000276138	U6	22	+	15273855	15273961	0.0	0.0	0.0
ENSG00000249923	XXbac-B444P24.8	22	-	20198729	20204918	0.0	0.0	0.0
ENSG00000223142	RN7SKP252	22	+	49738677	49739003	0.0	0.0	0.0
ENSG00000185686	PRAME	22	-	22547701	22559361	0.0	0.0	0.0
ENSG00000277017	XXbac-B33L19.6	22	-	18486999	18491247	0.0	0.0	0.0
ENSG00000253338	IGLV3-29	22	+	22661299	22661542	0.0	0.0	0.0
ENSG00000253234	IGLV2-5	22	+	22856762	22857038	0.0	0.0	0.0
ENSG00000235209	CTA-150C2.13	22	+	38921227	38924708	0.0	0.0	0.0
ENSG00000238584	RNU7-167P	22	+	35249772	35249833	0.0	0.0	0.0
ENSG00000254355	IGLVI-68	22	+	22032745	22033194	0.0	0.0	0.0
ENSG00000278890	LL22NC03-27C5.1	22	+	48052646	48058275	0.0	0.0	0.0
ENSG00000231933	CTA-125H2.2	22	-	25876854	25903247	0.0	0.0	0.0
ENSG00000200443	RNU6-1066P	22	+	27035887	27035991	0.0	0.0	0.0
ENSG00000234884	CTA-407F11.8	22	-	25561117	25564462	0.0	0.0	0.0
ENSG00000231907	GAPDHP37	22	-	40673484	40674451	0.0	0.0	0.0
ENSG00000275772	LL22NC03-24A12.9	22	-	22785643	22787268	0.0	0.0	0.0
ENSG00000223999	LL22NC03-102D1.18	22	-	22692778	22693312	0.0	0.0	0.0
ENSG00000211669	IGLV3-10	22	+	22811747	22812285	0.0	0.0	0.0
ENSG00000279973	BAGE5	22	+	11066501	11068089	0.0	0.0	0.0
ENSG00000243453	COX7BP1	22	-	35194699	35194942	0.0	0.0	0.0
ENSG00000211637	IGLV4-69	22	+	22030934	22031472	0.0	0.0	0.0
ENSG00000251952	RNU6-1219P	22	-	29191697	29191808	0.0	0.0	0.0
ENSG00000230637	CTA-246H3.8	22	+	25327252	25339975	0.0	0.0	0.0
ENSG00000100298	APOBEC3H	22	+	39097224	39104067	0.0	0.0	0.0
ENSG00000236323	BMP6P1	22	+	22185941	22186619	0.0	0.0	0.0
ENSG00000211651	IGLV1-44	22	+	22380766	22381347	0.0	0.0	0.0
ENSG00000099985	OSM	22	-	30262829	30266840	0.0	0.0	0.0
ENSG00000229971	RP5-1119A7.10	22	+	36552165	36552700	0.0	0.0	0.0
ENSG00000278196	IGLV2-8	22	+	22822658	22823293	0.0	0.0	0.0
ENSG00000181123	RP4-539M6.14	22	+	30475364	30492804	0.0	0.0	0.0
ENSG00000100078	PLA2G3	22	-	31134809	31140607	0.0	0.0	0.0
ENSG00000211647	IGLV5-48	22	+	22352940	22353433	0.0	0.0	0.0
ENSG00000211640	IGLV6-57	22	+	22195713	22196460	0.0	0.0	0.0
ENSG00000252143	SCARNA17	22	+	21544897	21545039	0.0	0.0	0.0
ENSG00000232350	LL22NC03-102D1.16	22	+	22689831	22689978	0.0	0.0	0.0
ENSG00000211658	IGLV3-27	22	+	22668288	22668806	0.0	0.0	0.0
ENSG00000278655	KB-1572G7.5	22	+	23607041	23608407	0.0	0.0	0.0
ENSG00000275319	Metazoa_SRP	22	+	18524620	18524935	0.0	0.0	0.0
ENSG00000212216	RNU6-816P	22	+	15701459	15701565	0.0	0.0	0.0
ENSG00000253963	IGLV3-2	22	+	22873212	22873440	0.0	0.0	0.0
ENSG00000218357	LL22NC03-75H12.2	22	-	47461299	47487111	0.0	0.0	0.0
ENSG00000227755	AP000344.4	22	+	23446598	23460833	0.0	0.0	0.0
ENSG00000253451	IGLV2-28	22	+	22664473	22664907	0.0	0.0	0.0
ENSG00000223056	RN7SKP169	22	-	25963983	25964273	0.0	0.0	0.0
ENSG00000230107	CTA-126B4.7	22	+	42438023	42446195	0.0	0.0	0.0
ENSG00000228122	MTND1P17	22	-	16876218	16876421	0.0	0.0	0.0
ENSG00000232254	CSF2RBP1	22	-	36950529	36953723	0.0	0.0	0.0
ENSG00000276871	5_8S_rRNA	22	-	11249809	11249959	0.0	0.0	0.0
ENSG00000211661	IGLV3-22	22	+	22704265	22704822	0.0	0.0	0.0
ENSG00000273145	CITF22-92A6.1	22	+	46013606	46015498	0.0	0.0	0.0
ENSG00000239547	RN7SL843P	22	-	17352881	17353177	0.0	0.0	0.0
ENSG00000224715	CITF22-49D8.1	22	+	47345569	47373541	0.0	0.0	0.0
ENSG00000211664	IGLV2-18	22	+	22734607	22735096	0.0	0.0	0.0
ENSG00000220891	LL22NC03-63E9.3	22	+	22559343	22566602	0.0	0.0	0.0
ENSG00000211652	IGLV7-43	22	+	22395018	22395489	0.0	0.0	0.0
ENSG00000238153	CTA-714B7.4	22	+	35164304	35165347	0.0	0.0	0.0
ENSG00000235154	CTA-280A3__B.2	22	-	48044710	48048549	0.0	0.0	0.0
ENSG00000249333	LL22NC03-23C6.12	22	+	22038643	22039126	0.0	0.0	0.0
ENSG00000233866	LA16c-4G1.3	22	-	15914721	15915800	0.0	0.0	0.0
ENSG00000275656	RFPL3-AS1_1	22	-	32188400	32188487	0.0	0.0	0.0
ENSG00000252020	SCARNA17	22	-	21389796	21389938	0.0	0.0	0.0
ENSG00000227895	ISX-AS1	22	-	34997719	35002862	0.0	0.0	0.0
ENSG00000233764	MTCO1P20	22	+	36172422	36172779	0.0	0.0	0.0
ENSG00000211684	IGLJ7	22	+	22921390	22921435	0.0	0.0	0.0
ENSG00000272798	CTA-390C10.9	22	+	25436312	25436915	0.0	0.0	0.0
ENSG00000231271	AP000350.8	22	+	23949918	23954042	0.0	0.0	0.0
ENSG00000236666	POTEH-AS1	22	-	15699361	15703403	0.0	0.0	0.0
ENSG00000230137	RP4-539M6.18	22	+	30439837	30440318	0.0	0.0	0.0
ENSG00000228719	RP5-1119A7.14	22	-	36445395	36454944	0.0	0.0	0.0
ENSG00000215456	BCRP4	22	+	22630061	22636153	0.0	0.0	0.0
ENSG00000272666	CTA-384D8.35	22	-	50542305	50542906	0.0	0.0	0.0
ENSG00000264141	MIR3928	22	-	31160062	31160119	0.0	0.0	0.0
ENSG00000279217	CTA-212A2.3	22	+	36071000	36085573	0.0	0.0	0.0
ENSG00000239674	RP1-127L4.7	22	+	32141267	32143272	0.0	0.0	0.0
ENSG00000237439	RP1-127L4.10	22	+	32129689	32130612	0.0	0.0	0.0
ENSG00000279642	RP5-1033E15.3	22	-	44486295	44486914	0.0	0.0	0.0
ENSG00000233995	KB-67B5.12	22	+	16572027	16574637	0.0	0.0	0.0
ENSG00000226534	KB-1183D5.16	22	+	21370064	21371945	0.0	0.0	0.0
ENSG00000232050	CTA-125H2.3	22	-	26006389	26006532	0.0	0.0	0.0
ENSG00000241333	RN7SL385P	22	-	37669464	37669739	0.0	0.0	0.0
ENSG00000237835	AC007064.22	22	+	16855804	16856162	0.0	0.0	0.0
ENSG00000230643	LA16c-60G3.5	22	+	15588361	15588478	0.0	0.0	0.0
ENSG00000211663	IGLV3-19	22	+	22720623	22721145	0.0	0.0	0.0
ENSG00000254264	IGKV3OR22-2	22	-	16925952	16926444	0.0	0.0	0.0
ENSG00000239511	POM121L7	22	-	21125660	21128063	0.0	0.0	0.0
ENSG00000238120	LINC01589	22	-	45604432	45605621	0.0	0.0	0.0
ENSG00000226160	LA16c-17H1.3	22	+	16405330	16405417	0.0	0.0	0.0
ENSG00000253874	IGLVIV-66-1	22	+	22058433	22058892	0.0	0.0	0.0
ENSG00000161133	USP41	22	-	20350578	20390758	0.0	0.0	0.0
ENSG00000206615	RNU6-338P	22	-	31388733	31388837	0.0	0.0	0.0
ENSG00000226169	RP11-375H17.1	22	+	27716480	27721677	0.0	0.0	0.0
ENSG00000211666	IGLV2-14	22	+	22758700	22759218	0.0	0.0	0.0
ENSG00000178248	AP000345.1	22	-	23462086	23486980	0.0	0.0	0.0
ENSG00000234726	LL22NC03-123E1.5	22	-	22228719	22230469	0.0	0.0	0.0
ENSG00000233388	RP4-569D19.5	22	-	35501861	35503586	0.0	0.0	0.0
ENSG00000280445	RP1-205F14P.1	22	-	27414462	27419713	0.0	0.0	0.0
ENSG00000273214	RP5-1039K5.18	22	+	38043230	38043920	0.0	0.0	0.0
ENSG00000279848	CTA-992D9.9	22	+	27044001	27045315	0.0	0.0	0.0
ENSG00000215403	LL22NC01-81G9.3	22	+	36965248	36968172	0.0	0.0	0.0
ENSG00000235271	LINC01422	22	+	26903292	26920611	0.0	0.0	0.0
ENSG00000282041	CTA-286B10.8	22	+	35376422	35377261	0.0	0.0	0.0
ENSG00000235343	AC005301.8	22	-	16746869	16748645	0.0	0.0	0.0
ENSG00000277771	Metazoa_SRP	22	+	49846456	49846720	0.0	0.0	0.0
ENSG00000138892	TTLL8	22	-	50015123	50056935	0.0	0.0	0.0
ENSG00000253752	IGLVI-63	22	+	22079770	22080263	0.0	0.0	0.0
ENSG00000278188	U6	22	+	16141767	16141872	0.0	0.0	0.0
ENSG00000211659	IGLV3-25	22	+	22686726	22687271	0.0	0.0	0.0
ENSG00000100312	ACR	22	+	50738196	50745334	0.0	0.0	0.0
ENSG00000253120	IGLV2-34	22	+	22580014	22580296	0.0	0.0	0.0
ENSG00000273044	RP4-569D19.8	22	+	35526932	35527415	0.0	0.0	0.0
ENSG00000254308	IGLVIV-59	22	+	22179228	22179477	0.0	0.0	0.0
ENSG00000184459	BPIFC	22	-	32413847	32464484	0.0	0.0	0.0
ENSG00000203527	Z99756.1	22	+	43275955	43283830	0.0	0.0	0.0
ENSG00000278960	CTA-407F11.9	22	-	25756318	25756669	0.0	0.0	0.0
ENSG00000254499	AC002056.5	22	-	50740593	50743520	0.0	0.0	0.0
ENSG00000236611	AP000343.2	22	+	23326616	23328493	0.0	0.0	0.0
ENSG00000225676	RP3-438O4.4	22	-	30184644	30207109	0.0	0.0	0.0
ENSG00000236052	LL22NC03-86D4.1	22	+	34017473	34188425	0.0	0.0	0.0
ENSG00000237601	AP000358.5	22	+	24703348	24703503	0.0	0.0	0.0
ENSG00000225724	LL22NC03-80A10.11	22	+	22339573	22341214	0.0	0.0	0.0
ENSG00000215464	AP000354.2	22	-	24269346	24270134	0.0	0.0	0.0
ENSG00000275060	PPP1R26P3	22	-	18400407	18404206	0.0	0.0	0.0
ENSG00000239435	KCNMB3P1	22	-	16575363	16582707	0.0	0.0	0.0
ENSG00000100249	C22orf31	22	-	29058672	29061844	0.0	0.0	0.0
ENSG00000237299	LA16c-60G3.6	22	+	15541436	15578006	0.0	0.0	0.0
ENSG00000224465	SOCS2P2	22	-	22170983	22171556	0.0	0.0	0.0
ENSG00000211673	IGLV3-1	22	+	22880706	22881396	0.0	0.0	0.0
ENSG00000271138	IGLVIVOR22-1	22	-	25437306	25437823	0.0	0.0	0.0
ENSG00000226233	RP1-151B14.9	22	-	37215738	37215891	0.0	0.0	0.0
ENSG00000217442	SYCE3	22	-	50551112	50562905	0.0	0.0	0.0
ENSG00000232707	AP1B1P2	22	+	32134028	32134133	0.0	0.0	0.0
ENSG00000205856	C22orf42	22	-	32149006	32159322	0.0	0.0	0.0
ENSG00000100121	GGTLC2	22	+	22644475	22647903	0.0	0.0	0.0
ENSG00000211665	IGLV3-16	22	+	22747383	22747911	0.0	0.0	0.0
ENSG00000283047	FRG1FP	22	-	10939388	10961338	0.0	0.0	0.0
ENSG00000236831	YME1L1P1	22	+	15489990	15492564	0.0	0.0	0.0
ENSG00000235759	ARHGAP42P3	22	-	15550904	15553838	0.0	0.0	0.0
ENSG00000237316	RP1-288L1.4	22	-	34711908	34724919	0.0	0.0	0.0
ENSG00000225293	ABCD1P4	22	+	16387694	16390887	0.0	0.0	0.0
ENSG00000253818	IGLV1-41	22	+	22404207	22404721	0.0	0.0	0.0
ENSG00000184624	ZNF72P	22	-	15326037	15343065	0.0	0.0	0.0
ENSG00000253126	IGLVI-56	22	+	22198560	22199011	0.0	0.0	0.0
ENSG00000211650	IGLV5-45	22	+	22375986	22376505	0.0	0.0	0.0
ENSG00000187979	AC008079.9	22	-	18178038	18205915	0.0	0.0	0.0
ENSG00000229608	GOLGA2P4	22	+	42784462	42787100	0.0	0.0	0.0
ENSG00000234479	AP1B1P1	22	+	32121977	32133469	0.0	0.0	0.0
ENSG00000230203	CTB-1048E9.7	22	-	26422071	26423193	0.0	0.0	0.0
ENSG00000211656	IGLV2-33	22	+	22588155	22588688	0.0	0.0	0.0
ENSG00000077935	SMC1B	22	-	45344063	45413619	0.0	0.0	0.0
ENSG00000224334	AP000357.4	22	+	24686923	24688087	0.0	0.0	0.0
ENSG00000230634	RP5-996D20.3	22	-	46481329	46481760	0.0	0.0	0.0
ENSG00000130538	OR11H1	22	+	15528158	15529139	0.0	0.0	0.0
ENSG00000233577	RP3-462D8.2	22	-	25279529	25282674	0.0	0.0	0.0
ENSG00000211660	IGLV2-23	22	+	22697789	22698407	0.0	0.0	0.0
ENSG00000278292	RFPL4AP6	22	+	29432944	29435005	0.0	0.0	0.0
ENSG00000220248	ZNF402P	22	-	16857619	16860718	0.0	0.0	0.0
ENSG00000274252	GGTLC3	22	-	18516344	18518161	0.0	0.0	0.0
ENSG00000266508	MIR3201	22	+	48274364	48274415	0.0	0.0	0.0
ENSG00000273424	CTA-223H9.9	22	+	41430934	41431375	0.0	0.0	0.0
ENSG00000226142	RPL35P8	22	-	49213911	49214247	0.0	0.0	0.0
ENSG00000211654	IGLV5-37	22	+	22427540	22428035	0.0	0.0	0.0
ENSG00000252225	Y_RNA	22	-	36440880	36440970	0.0	0.0	0.0
ENSG00000188263	IL17REL	22	-	49994513	50012659	0.0	0.0	0.0
ENSG00000237472	AP000361.2	22	+	22988263	22988581	0.0	0.0	0.0
ENSG00000273866	Metazoa_SRP	22	+	37578669	37578922	0.0	0.0	0.0
ENSG00000235062	BCRP5	22	-	20697962	20698934	0.0	0.0	0.0
ENSG00000236272	Z82214.3	22	+	43212674	43213661	0.0	0.0	0.0
ENSG00000231392	LL22NC03-24A12.8	22	+	22774529	22774691	0.0	0.0	0.0
ENSG00000100053	CRYBB3	22	+	25199850	25207363	0.0	0.0	0.0
ENSG00000224277	AP000345.2	22	+	23567064	23573507	0.0	0.0	0.0
ENSG00000274717	RP1-47A17.1	22	-	42791814	42794313	0.0	0.0	0.0
ENSG00000279927	CTA-212A2.4	22	+	36066533	36070110	0.0	0.0	0.0
ENSG00000269220	LINC00528	22	+	17777322	17779481	0.0	0.0	0.0
ENSG00000237358	AC007064.25	22	-	16876552	16876902	0.0	0.0	0.0
ENSG00000236641	CTA-221G9.7	22	+	25212742	25213685	0.0	0.0	0.0
ENSG00000241838	LA16c-3G11.7	22	+	15721486	15722608	0.0	0.0	0.0
ENSG00000283023	FRG1GP	22	+	12602466	12626642	0.0	0.0	0.0
ENSG00000159307	SCUBE1	22	-	43197283	43343388	0.0	0.0	0.0
ENSG00000100253	MIOX	22	+	50486784	50490648	0.0	0.0	0.0
ENSG00000279442	LA16c-60D12.2	22	-	15298378	15304556	0.0	0.0	0.0
ENSG00000183169	POM121L1P	22	-	22639177	22644473	0.0	0.0	0.0
ENSG00000222037	IGLC6	22	+	22919535	22919851	0.0	0.0	0.0
ENSG00000229027	HSFY1P1	22	+	16827474	16829335	0.0	0.0	0.0
ENSG00000251985	RNU6-1161P	22	-	45624531	45624632	0.0	0.0	0.0
ENSG00000254030	IGLC5	22	+	22915635	22915927	0.0	0.0	0.0
ENSG00000224794	RP3-333H23.8	22	+	39292988	39295563	0.0	0.0	0.0
ENSG00000236097	BNIP3P2	22	+	15349467	15350043	0.0	0.0	0.0
ENSG00000230485	AC000077.2	22	-	19630750	19633574	0.0	0.0	0.0
ENSG00000237428	LL22NC03-22A12.9	22	+	22366210	22367770	0.0	0.0	0.0
ENSG00000225929	AC000036.4	22	-	50735825	50738139	0.0	0.0	0.0
ENSG00000187012	LINC00207	22	+	44569339	44572341	0.0	0.0	0.0
ENSG00000253152	IGLV3-17	22	+	22738944	22739187	0.0	0.0	0.0
ENSG00000229409	RP11-494O16.3	22	+	49845929	49846090	0.0	0.0	0.0
ENSG00000280363	CU104787.1	22	-	11065974	11067346	0.0	0.0	0.0
ENSG00000235689	AP000351.13	22	-	24006305	24008258	0.0	0.0	0.0
ENSG00000253590	IGLV3-13	22	+	22762294	22762516	0.0	0.0	0.0
ENSG00000184571	PIWIL3	22	-	24719034	24774720	0.0	0.0	0.0
ENSG00000226477	LL22NC03-84E4.11	22	+	22814671	22814926	0.0	0.0	0.0
ENSG00000237948	MTATP6P20	22	+	36174261	36174822	0.0	0.0	0.0
ENSG00000226336	MRPS16P3	22	+	35703803	35704176	0.0	0.0	0.0
ENSG00000279298	CTA-221G9.11	22	-	25251523	25252602	0.0	0.0	0.0
ENSG00000275840	Metazoa_SRP	22	-	21396273	21396590	0.0	0.0	0.0
ENSG00000225007	AC000067.1	22	+	19667023	19667555	0.0	0.0	0.0
ENSG00000232396	RP1-76B20.11	22	-	29705256	29719859	0.0	0.0	0.0
ENSG00000230866	CTA-342B11.2	22	+	31970823	31973475	0.0	0.0	0.0
ENSG00000211679	IGLC3	22	+	22906342	22906803	0.0	0.0	0.0
ENSG00000128165	ADM2	22	+	50481556	50486440	0.0	0.0	0.0
ENSG00000233720	LL22NC03-30E12.11	22	+	22157382	22157631	0.0	0.0	0.0
ENSG00000229275	LL22NC03-121E8.3	22	+	48141542	48143229	0.0	0.0	0.0
ENSG00000224027	RP1-231P7P.1	22	-	27563839	27573573	0.0	0.0	0.0
ENSG00000273428	RP4-539M6.22	22	+	30435544	30436247	0.0	0.0	0.0
ENSG00000273272	CTA-384D8.34	22	+	50542650	50543011	0.0	0.0	0.0
ENSG00000230821	KB-288A10.17	22	+	22446686	22448336	0.0	0.0	0.0
ENSG00000214526	AP000343.1	22	-	23322543	23322927	0.0	0.0	0.0
ENSG00000253242	IGLVIV-64	22	+	22075366	22075666	0.0	0.0	0.0
ENSG00000273442	AC006946.17	22	+	17080701	17081456	0.0	0.0	0.0
ENSG00000254029	IGLC4	22	+	22910828	22911075	0.0	0.0	0.0
ENSG00000273325	RP1-90G24.11	22	+	32284683	32285131	0.0	0.0	0.0
ENSG00000253691	IGKV2OR22-4	22	-	16914235	16914981	0.0	0.0	0.0
ENSG00000254075	IGLVV-66	22	+	22061077	22061538	0.0	0.0	0.0
ENSG00000100079	LGALS2	22	-	37570246	37582616	0.0	0.0	0.0
ENSG00000235992	GRAMD4P2	22	-	15749156	15750825	0.0	0.0	0.0
ENSG00000223350	IGLV9-49	22	+	22343187	22343732	0.0	0.0	0.0
ENSG00000223679	AP000362.1	22	+	22990690	23008356	0.0	0.0	0.0
ENSG00000273068	CTA-714B7.7	22	+	35122661	35127419	0.0	0.0	0.0
ENSG00000172967	XKR3	22	-	16783412	16821699	0.0	0.0	0.0
ENSG00000253460	IGKV2OR22-3	22	-	16921443	16922173	0.0	0.0	0.0
ENSG00000211681	IGLJ5	22	+	22914237	22914308	0.0	0.0	0.0
ENSG00000233632	RP1-302D9.5	22	+	33137140	33137338	0.0	0.0	0.0
ENSG00000213752	CTA-268H5.9	22	+	45275599	45276085	0.0	0.0	0.0
ENSG00000275362	Metazoa_SRP	22	+	18615581	18615900	0.0	0.0	0.0
ENSG00000215268	LA16c-60G3.8	22	-	15562017	15564276	0.0	0.0	0.0
ENSG00000228039	KB-1125A3.10	22	+	23963780	23964374	0.0	0.0	0.0
ENSG00000229658	PABPC1P9	22	+	16423943	16426031	0.0	0.0	0.0
ENSG00000100162	CENPM	22	-	41938721	41947164	0.0	0.0	0.0
ENSG00000236079	RP1-32I10.11	22	-	44413485	44414814	0.0	0.0	0.0
ENSG00000254240	IGLVI-20	22	+	22715290	22715419	0.0	0.0	0.0
ENSG00000130487	KLHDC7B	22	+	50548033	50551023	0.0	0.0	0.0
ENSG00000234869	RP3-439F8.1	22	+	46541495	46548196	0.0	0.0	0.0
ENSG00000234892	Z82214.2	22	+	43232141	43239010	0.0	0.0	0.0
ENSG00000197549	PRAMENP	22	-	21991099	22043934	0.0	0.0	0.0
ENSG00000230712	GGTLC4P	22	-	24248074	24249466	0.0	0.0	0.0
ENSG00000277248	U2	22	-	10736171	10736283	0.0	0.0	0.0
ENSG00000075275	CELSR1	22	-	46360834	46537170	0.0	0.0	0.0
ENSG00000279714	CTA-212A2.2	22	+	36091148	36093352	0.0	0.0	0.0
ENSG00000249680	TUBA3GP	22	+	21065462	21070097	0.0	0.0	0.0
ENSG00000273846	Metazoa_SRP	22	-	21379382	21379701	0.0	0.0	0.0
ENSG00000253637	IGLVV-58	22	+	22182582	22182885	0.0	0.0	0.0
ENSG00000212569	Y_RNA	22	+	50669804	50669901	0.0	0.0	0.0
ENSG00000224404	LL22NC03-13G6.2	22	-	34208141	34209262	0.0	0.0	0.0
ENSG00000225720	RP4-742C19.12	22	+	39091586	39092855	0.0	0.0	0.0
ENSG00000273362	KB-67B5.17	22	+	16521059	16527237	0.0	0.0	0.0
ENSG00000231253	RP1-302D9.2	22	+	33108529	33116294	0.0	0.0	0.0
ENSG00000224144	ASH2LP1	22	+	22420326	22421310	0.0	0.0	0.0
ENSG00000211670	IGLV3-9	22	+	22819010	22819756	0.0	0.0	0.0
ENSG00000223875	NBEAP3	22	+	15852990	15893942	0.0	0.0	0.0
ENSG00000128218	VPREB3	22	-	23752743	23754468	0.0	0.0	0.0
ENSG00000225741	LL22NC03-88E1.17	22	+	22103219	22104857	0.0	0.0	0.0
ENSG00000231466	CTA-246H3.11	22	-	25349543	25350322	0.0	0.0	0.0
ENSG00000235969	CHEK2P4	22	+	16503304	16509475	0.0	0.0	0.0
ENSG00000234009	RPL5P34	22	-	42776406	42777296	0.0	0.0	0.0
ENSG00000234928	AP000344.3	22	+	23433564	23435071	0.0	0.0	0.0
ENSG00000224806	ARL5AP4	22	+	24686168	24686679	0.0	0.0	0.0
ENSG00000128322	IGLL1	22	-	23573125	23580308	0.0	0.0	0.0
ENSG00000231801	ANP32BP2	22	+	44651835	44652379	0.0	0.0	0.0
ENSG00000211682	IGLJ6	22	+	22918132	22918201	0.0	0.0	0.0
ENSG00000225255	LINC01297	22	+	15746630	15778297	0.0	0.0	0.0
ENSG00000254175	IGLVI-42	22	+	22397032	22397524	0.0	0.0	0.0
ENSG00000211642	IGLV10-54	22	+	22214794	22215270	0.0	0.0	0.0
ENSG00000227710	LL22NC03-30E12.13	22	+	22168289	22168634	0.0	0.0	0.0
ENSG00000280341	LA16c-60D12.1	22	-	15282557	15288670	0.0	0.0	0.0
ENSG00000253631	IGLV7-35	22	+	22450202	22450652	0.0	0.0	0.0
ENSG00000276950	GSTTP1	22	-	23998401	24005453	0.0	0.0	0.0
ENSG00000211639	IGLV4-60	22	+	22162199	22162681	0.0	0.0	0.0
ENSG00000232603	LL22NC03-22A12.12	22	+	22370829	22371120	0.0	0.0	0.0
ENSG00000237127	LL22NC03-84E4.8	22	+	22834865	22835117	0.0	0.0	0.0
ENSG00000234300	LINC00229	22	-	44606939	44625419	0.0	0.0	0.0
ENSG00000232771	PPP1R26P5	22	+	21341595	21345258	0.0	0.0	0.0
ENSG00000278869	CITF22-49E9.3	22	-	49933198	49934074	0.0	0.0	0.0
ENSG00000278044	XXbac-B33L19.12	22	-	18501794	18512187	0.0	0.0	0.0
ENSG00000100170	SLC5A1	22	+	32043032	32113029	0.0	0.0	0.0
ENSG00000128408	RIBC2	22	+	45413691	45432496	0.0	0.0	0.0
ENSG00000237214	RP11-12M9.3	22	+	41064052	41064633	0.0	0.0	0.0
ENSG00000277385	Metazoa_SRP	22	-	38281028	38281289	0.0	0.0	0.0
ENSG00000279440	CTA-992D9.11	22	+	27019369	27024550	0.0	0.0	0.0
ENSG00000206066	IGLL3P	22	+	25318256	25320080	0.0	0.0	0.0
ENSG00000206090	AP000350.7	22	+	23939998	23942798	0.0	0.0	0.0
ENSG00000227519	CTA-342B11.1	22	+	31963357	31970400	0.0	0.0	0.0
ENSG00000240647	RN7SL305P	22	-	31981147	31981427	0.0	0.0	0.0
ENSG00000282602	CTA-286B10.7	22	+	35372174	35372621	0.0	0.0	0.0
ENSG00000278657	LL22NC03-23C6.13	22	+	22036344	22040065	0.0	0.0	0.0
ENSG00000273342	KB-1440D3.14	22	+	21640844	21641284	0.0	0.0	0.0
ENSG00000224205	AP000351.4	22	-	23987320	23991421	0.0	0.0	0.0
ENSG00000211655	IGLV1-36	22	+	22431958	22432465	0.0	0.0	0.0
ENSG00000235091	WI2-85898F10.1	22	-	45875999	45887748	0.0	0.0	0.0
ENSG00000253822	IGLV3-24	22	+	22694439	22694952	0.0	0.0	0.0
ENSG00000280025	CTA-992D9.8	22	+	27102766	27107019	0.0	0.0	0.0
ENSG00000213727	LA16c-60G3.7	22	-	15572089	15573265	0.0	0.0	0.0
ENSG00000253546	IGLVVI-22-1	22	+	22700760	22700970	0.0	0.0	0.0
ENSG00000234735	AL022237.3	22	+	43092167	43092524	0.0	0.0	0.0
ENSG00000215270	LA16c-60H5.7	22	-	15854195	15855243	0.0	0.0	0.0
ENSG00000280263	ACTR3BP2	22	+	16486985	16488322	0.0	0.0	0.0
ENSG00000236499	LINC00896	22	+	20206397	20208524	0.0	0.0	0.0
ENSG00000235578	XXbac-B33L19.4	22	-	20343203	20344365	0.0	0.0	0.0
ENSG00000225557	MTCO3P20	22	+	36175167	36175854	0.0	0.0	0.0
ENSG00000200448	Y_RNA	22	-	42762860	42762959	0.0	0.0	0.0
ENSG00000232464	CTA-125H2.1	22	-	25959074	25983526	0.0	0.0	0.0
ENSG00000211662	IGLV3-21	22	+	22711689	22713203	0.0	0.0	0.0
ENSG00000232363	RP1-102D24.5	22	-	45435864	45448743	0.0	0.0	0.0
ENSG00000227367	SLC9B1P4	22	-	16428947	16476870	0.0	0.0	0.0
ENSG00000226595	KB-288A10.19	22	+	22465659	22465986	0.0	0.0	0.0
ENSG00000220702	RP1-32I10.10	22	+	44365551	44366284	0.0	0.0	0.0
ENSG00000226420	IGLV3-4	22	+	22858025	22858268	0.0	0.0	0.0
ENSG00000224435	NF1P6	22	-	15622601	15632051	0.0	0.0	0.0
ENSG00000235295	FLJ41941	22	+	18029385	18037968	0.0	0.0	0.0
ENSG00000268818	CITF22-62D4.1	22	-	35626988	35635134	0.0	0.0	0.0
ENSG00000231576	MTCO2P20	22	+	36172934	36173948	0.0	0.0	0.0
ENSG00000213857	RP11-12M9.4	22	-	41074180	41075239	0.0	0.0	0.0
ENSG00000239446	RP1-76B20.12	22	-	29711820	29719714	0.0	0.0	0.0
ENSG00000231369	RP1-40G4P.1	22	-	26886909	26887548	0.0	0.0	0.0
ENSG00000229286	LA16c-4G1.4	22	+	15901791	15901911	0.0	0.0	0.0
ENSG00000253935	IGLVIV-53	22	+	22219647	22220133	0.0	0.0	0.0
ENSG00000232346	SC22CB-1E7.1	22	+	32039490	32039896	0.0	0.0	0.0
ENSG00000230481	IGKV1OR22-5	22	-	16904219	16904696	0.0	0.0	0.0
ENSG00000279914	CTA-992D9.10	22	+	27040197	27041494	0.0	0.0	0.0
ENSG00000214161	SDC4P	22	-	30481311	30481911	0.0	0.0	0.0
ENSG00000100373	UPK3A	22	+	45284982	45295874	0.0	0.0	0.0
ENSG00000233574	CTA-929C8.5	22	+	27276240	27286349	0.0	0.0	0.0
ENSG00000253794	IGLV10-67	22	+	22043618	22043942	0.0	0.0	0.0
ENSG00000100012	SEC14L3	22	-	30447959	30472049	0.0	0.0	0.0
ENSG00000185264	TEX33	22	-	36991120	37007841	0.0	0.0	0.0
ENSG00000211638	IGLV8-61	22	+	22098700	22099212	0.0	0.0	0.0
ENSG00000222698	Y_RNA	22	+	41045497	41045591	0.0	0.0	0.0
ENSG00000226444	ACTR3BP6	22	+	11124337	11125705	0.0	0.0	0.0
ENSG00000211667	IGLV3-12	22	+	22771824	22772586	0.0	0.0	0.0
ENSG00000128313	APOL5	22	+	35717872	35729483	0.0	0.0	0.0
ENSG00000198445	CCT8L2	22	-	16590751	16592810	0.0	0.0	0.0
ERCC-00012	ERCC-00012	ERCC-00012	+	1	994	0.0	0.0	0.0
ERCC-00013	ERCC-00013	ERCC-00013	+	1	808	0.0	0.0	0.0
ERCC-00016	ERCC-00016	ERCC-00016	+	1	844	0.0	0.0	0.0
ERCC-00017	ERCC-00017	ERCC-00017	+	1	1136	0.0	0.0	0.0
ERCC-00024	ERCC-00024	ERCC-00024	+	1	536	0.0	0.0	0.0
ERCC-00031	ERCC-00031	ERCC-00031	+	1	1138	0.0	0.0	0.0
ERCC-00033	ERCC-00033	ERCC-00033	+	1	2022	0.0	0.0	0.0
ERCC-00040	ERCC-00040	ERCC-00040	+	1	744	0.0	0.0	0.0
ERCC-00041	ERCC-00041	ERCC-00041	+	1	1122	0.0	0.0	0.0
ERCC-00048	ERCC-00048	ERCC-00048	+	1	992	0.0	0.0	0.0
ERCC-00057	ERCC-00057	ERCC-00057	+	1	1021	0.0	0.0	0.0
ERCC-00061	ERCC-00061	ERCC-00061	+	1	1136	0.0	0.0	0.0
ERCC-00067	ERCC-00067	ERCC-00067	+	1	644	0.0	0.0	0.0
ERCC-00075	ERCC-00075	ERCC-00075	+	1	1023	0.0	0.0	0.0
ERCC-00081	ERCC-00081	ERCC-00081	+	1	534	0.0	0.0	0.0
ERCC-00083	ERCC-00083	ERCC-00083	+	1	1022	0.0	0.0	0.0
ERCC-00086	ERCC-00086	ERCC-00086	+	1	1020	0.0	0.0	0.0
ERCC-00097	ERCC-00097	ERCC-00097	+	1	523	0.0	0.0	0.0
ERCC-00098	ERCC-00098	ERCC-00098	+	1	1143	0.0	0.0	0.0
ERCC-00104	ERCC-00104	ERCC-00104	+	1	2022	0.0	0.0	0.0
ERCC-00109	ERCC-00109	ERCC-00109	+	1	536	0.0	0.0	0.0
ERCC-00117	ERCC-00117	ERCC-00117	+	1	1136	0.0	0.0	0.0
ERCC-00123	ERCC-00123	ERCC-00123	+	1	1022	0.0	0.0	0.0
ERCC-00134	ERCC-00134	ERCC-00134	+	1	274	0.0	0.0	0.0
ERCC-00137	ERCC-00137	ERCC-00137	+	1	537	0.0	0.0	0.0
ERCC-00142	ERCC-00142	ERCC-00142	+	1	493	0.0	0.0	0.0
ERCC-00143	ERCC-00143	ERCC-00143	+	1	784	0.0	0.0	0.0
ERCC-00147	ERCC-00147	ERCC-00147	+	1	1023	0.0	0.0	0.0
ERCC-00150	ERCC-00150	ERCC-00150	+	1	743	0.0	0.0	0.0
ERCC-00156	ERCC-00156	ERCC-00156	+	1	494	0.0	0.0	0.0
ERCC-00158	ERCC-00158	ERCC-00158	+	1	1027	0.0	0.0	0.0
ERCC-00164	ERCC-00164	ERCC-00164	+	1	1022	0.0	0.0	0.0
