"gene","baseMean","log2FoldChange","lfcSE","stat","pvalue","padj","significance"
"ENSG00000128245",1629.13264196615,2.58568627907392,0.0679759140137158,38.0382715935559,0,0,"Up dans HBR"
"ENSG00000100321",1074.09399952149,4.73385327653696,0.109861393434373,43.0893249079784,0,0,"Up dans HBR"
"ENSG00000100167",1056.72151012449,4.62084483365367,0.110490836013359,41.8210686096627,0,0,"Up dans HBR"
"ERCC-00004",3764.77495123265,-2.42530146718138,0.0536721985487709,-45.1872949638453,0,0,"Down dans HBR"
"ERCC-00130",28744.0759962477,-2.10052371197384,0.0381019122397632,-55.1290890272362,0,0,"Down dans HBR"
"ENSG00000225783",736.914416461813,4.01538602586025,0.116301683836703,34.5256052483142,3.31239219543615e-261,3.45040853691266e-259,"Up dans HBR"
"ERCC-00136",1830.56209631921,-2.24637835397694,0.0661870482137154,-33.9398479703079,1.72211972926469e-252,1.53760690112919e-250,"Down dans HBR"
"ENSG00000100095",555.14755749315,5.27999375252148,0.170056693547058,31.0484323926973,1.19782003146493e-211,9.35796899581974e-210,"Up dans HBR"
"ENSG00000008735",573.399155184618,5.72124852952294,0.188110530639628,30.4142915873402,3.55525001498406e-203,2.46892362151671e-201,"Up dans HBR"
"ENSG00000184702",725.220600119061,2.79640452328422,0.094032068973918,29.7388386089842,2.41783947001382e-194,1.51114966875864e-192,"Up dans HBR"
"ENSG00000251322",489.755133746635,4.0849222795012,0.138285690245031,29.5397323632189,8.89752812073962e-192,5.0554137049657e-190,"Up dans HBR"
"ENSG00000100316",3389.72335420998,-1.5907605463793,0.0577290330910187,-27.5556416105432,3.78750287576497e-167,1.97265774779426e-165,"Down dans HBR"
"ENSG00000167074",448.766961699002,3.88270604249686,0.142079736430415,27.3276551607234,1.99085026370213e-164,9.57139549856791e-163,"Up dans HBR"
"ENSG00000241973",1645.39189437675,2.12041505351121,0.0778546785025145,27.2355508274654,2.46476785943461e-163,1.10034279439045e-161,"Up dans HBR"
"ENSG00000183741",1213.66290502783,1.99361210704591,0.0734398691703811,27.146182714742,2.80888287135317e-162,1.17036786306382e-160,"Up dans HBR"
"ENSG00000100219",759.170589914033,-2.82614862735617,0.105204347292444,-26.8634205723468,5.87913428658309e-159,2.29653683069652e-157,"Down dans HBR"
"ENSG00000221890",535.969276123885,3.32977839878029,0.124611887491662,26.7211938267375,2.67009969579145e-157,9.81654299923329e-156,"Up dans HBR"
"ENSG00000100307",389.366764889334,4.10530325566249,0.15779419779851,26.0168200918554,3.19538774838477e-149,1.10950963485582e-147,"Up dans HBR"
"ENSG00000100427",377.682021220257,5.29129101649273,0.205643338504552,25.7304275206347,5.33881115587765e-146,1.75618788022291e-144,"Up dans HBR"
"ENSG00000128268",356.834955997476,4.16277421894157,0.16496164698027,25.2348003014268,1.66322799264592e-140,5.1975874770185e-139,"Up dans HBR"
"ENSG00000100345",2271.89775740418,-1.60718266069,0.065199802568898,-24.6501154507586,3.6696439103132e-134,1.09215592568845e-132,"Down dans HBR"
"ENSG00000128266",306.723585745938,3.75912418144719,0.166742118188441,22.5445389700452,1.51917828697053e-112,4.31584740616627e-111,"Up dans HBR"
"ERCC-00002",38788.886031481,0.893276444160999,0.0396511649162799,22.52837832248,2.18821828945002e-112,5.94624535176637e-111,"NS"
"ENSG00000130540",365.184201200542,6.56419841329498,0.29406013353848,22.3226397074189,2.22743093428154e-110,5.80060139135818e-109,"Up dans HBR"
"ENSG00000100285",294.651527554889,3.84709890988383,0.172826655423556,22.2598701598172,9.05091198253369e-110,2.26272799563342e-108,"Up dans HBR"
"ERCC-00108",783.27331671337,-2.23367130717035,0.106733815623896,-20.9274941977271,3.00904195099289e-97,7.23327392065599e-96,"Down dans HBR"
"ENSG00000100097",572.697775446339,-2.32627979292097,0.112638378652736,-20.6526391869763,9.24299311837438e-95,2.13958174036444e-93,"Down dans HBR"
"ENSG00000099901",474.454056154996,-2.37081187537196,0.117409624527488,-20.1926535828152,1.13596344316774e-90,2.53563268564227e-89,"Down dans HBR"
"ENSG00000100297",375.812961979048,-3.19289317678088,0.162458125815618,-19.6536378882313,5.3814116128843e-86,1.15978698553541e-84,"Down dans HBR"
"ENSG00000100241",1213.36423268499,1.33403191398646,0.0688062847185646,19.3882276806979,9.70228383496002e-84,2.02130913228334e-82,"Up dans HBR"
"ERCC-00116",923.516588025803,-2.10384667803065,0.109337054882201,-19.2418451393018,1.65221012147902e-82,3.33106879330448e-81,"Down dans HBR"
"ENSG00000167037",194.625443267248,5.44407649565708,0.292647487298485,18.6028472204322,3.0468698030255e-77,5.95091758403417e-76,"Up dans HBR"
"ENSG00000219438",192.385338064562,3.77030200398043,0.206276994699674,18.2778598722061,1.24204979168773e-74,2.35236702971162e-73,"Up dans HBR"
"ENSG00000237517",178.112854702711,5.18644124980055,0.285838019296306,18.1446864996086,1.41439788978847e-73,2.59999612093469e-72,"Up dans HBR"
"ENSG00000100353",640.654506805113,-1.87390162190434,0.105472945067983,-17.7666568492661,1.28101220409716e-70,2.28752179303064e-69,"Down dans HBR"
"ENSG00000225465",213.015255103121,6.43548877849814,0.374269982299234,17.1947767196378,2.90575072196917e-66,5.04470611452981e-65,"Up dans HBR"
"ENSG00000100320",1162.14912026037,1.21676308081344,0.0718434462607253,16.9363128321783,2.42878714281465e-64,4.1026809844842e-63,"Up dans HBR"
"ENSG00000128272",1249.69015482321,-1.22146703408385,0.0723053270469222,-16.8931817885449,5.05043867977318e-64,8.30664256541641e-63,"Down dans HBR"
"ENSG00000131100",666.515051241129,1.52313485890506,0.09102628114272,16.7329131739101,7.54556539134439e-63,1.20922522297186e-61,"Up dans HBR"
"ENSG00000100412",815.13887983228,1.29519710140586,0.0785386174269611,16.491213416258,4.24341268746855e-61,6.63033232416962e-60,"Up dans HBR"
"ENSG00000196419",1417.05375855551,-1.06457431998781,0.0651678540913627,-16.3358811615205,5.48342980772831e-60,8.35888690202487e-59,"Down dans HBR"
"ENSG00000243156",603.841869607174,1.67780977570436,0.105540463672134,15.8973129103976,6.61415129206864e-57,9.84248704176882e-56,"Up dans HBR"
"ERCC-00092",300.067321812259,-2.29538670277329,0.148851866254534,-15.4206108430526,1.18973694801929e-53,1.72926881979548e-52,"Down dans HBR"
"ENSG00000100354",1066.03353479966,1.11987827365404,0.0742691596746601,15.078644737058,2.23816087044915e-51,3.179205781888e-50,"Up dans HBR"
"ENSG00000166897",167.036376163755,3.20162613979044,0.214753078945264,14.9084062287482,2.90606584033764e-50,4.0362025560245e-49,"Up dans HBR"
"ENSG00000186732",164.669893389784,6.76346725295454,0.461412414393235,14.6581822291206,1.19427593789201e-48,1.62265752430979e-47,"Up dans HBR"
"ENSG00000100362",144.295883615765,3.11069182322668,0.213908315139652,14.5421734596705,6.54801301517503e-48,8.70746411592425e-47,"Up dans HBR"
"ENSG00000182902",119.153470065406,5.32894490003706,0.375887509776455,14.176967208105,1.27227236035987e-45,1.65660463588524e-44,"Up dans HBR"
"ENSG00000100100",179.671979606313,2.58834133770068,0.182865578333104,14.1543387295438,1.75581584321205e-45,2.23956102450517e-44,"Up dans HBR"
"ENSG00000206195",146.308892497656,-4.03131056702243,0.288314810219094,-13.982322184417,1.99858801375998e-44,2.49823501719998e-43,"Down dans HBR"
"ENSG00000133424",291.100233002168,1.95900161967787,0.142068317949497,13.7891519231914,2.96221776311628e-43,3.63016882734838e-42,"Up dans HBR"
"ENSG00000185666",109.146658137999,3.70168640694029,0.271840005890379,13.6171509959171,3.16682564572033e-42,3.80628082418309e-41,"Up dans HBR"
"ENSG00000100346",148.255674669248,6.90639626914084,0.510088356711351,13.5396077527977,9.12749927737381e-42,1.07635604686012e-40,"Up dans HBR"
"ENSG00000183773",110.529401781072,3.83422120680933,0.290839320292163,13.1832972342174,1.09498467612086e-39,1.26734337513989e-38,"Up dans HBR"
"ENSG00000100030",1562.77325226573,0.924327526245335,0.0703099915143107,13.1464605006701,1.78328686767753e-39,2.02646234963356e-38,"NS"
"ENSG00000040608",108.498913173937,3.19883911360491,0.248084597045913,12.8941463988306,4.85610278040587e-38,5.41975756741727e-37,"Up dans HBR"
"ENSG00000239900",272.830287672538,-1.89301708612155,0.147395798650674,-12.8430871398714,9.40479308020692e-38,1.0312273114262e-36,"Down dans HBR"
"ENSG00000100364",552.042717806751,1.22913547210837,0.0965164902390732,12.7349789560704,3.77947988843544e-37,4.07271539702095e-36,"Up dans HBR"
"ENSG00000241878",362.023440884484,1.52066771932846,0.121436630966893,12.522314784433,5.63669206403435e-36,5.9710721017313e-35,"Up dans HBR"
"ENSG00000100033",191.342586717396,2.16226005275141,0.17290866459344,12.5052151541135,6.9910284765278e-36,7.28232132971646e-35,"Up dans HBR"
"ENSG00000100242",788.098791233952,1.24673807361742,0.100655218450859,12.3862239117398,3.10314296855966e-35,3.17944976286851e-34,"Up dans HBR"
"ENSG00000138867",313.357290494518,-1.72140585697016,0.141311100095471,-12.1816747290706,3.89206758697641e-34,3.92345522880687e-33,"Down dans HBR"
"ENSG00000172346",89.9242196274795,5.76984278392069,0.474522625117855,12.1592574905942,5.12221333812538e-34,5.08156085131486e-33,"Up dans HBR"
"ENSG00000073150",84.249313844741,3.77264873185765,0.311445373999925,12.1133561349945,8.97454317606933e-34,8.7642023203802e-33,"Up dans HBR"
"ENSG00000128342",101.061310702487,-4.95251575933896,0.409032643411487,-12.1078741247474,9.5948763179941e-34,9.22584261345586e-33,"Down dans HBR"
"ENSG00000183628",104.406469852951,2.86941627307855,0.240764712976012,11.9179269985649,9.54540995751957e-33,9.03921397492384e-32,"Up dans HBR"
"ENSG00000100077",409.656873808286,1.35652344732571,0.117175253618415,11.5768765625485,5.39770743863358e-31,5.03517484947162e-30,"Up dans HBR"
"ERCC-00003",2943.4037478501,0.677791733192669,0.058766303583698,11.5336798787646,8.92457115927113e-31,8.20273084491832e-30,"NS"
"ENSG00000168135",81.9463613214553,5.89654670270485,0.511540311366272,11.5270420955795,9.6399087301851e-31,8.73180138603723e-30,"Up dans HBR"
"ENSG00000075218",100.508909977516,-5.63596713459336,0.49554417149813,-11.373289120836,5.68058561365081e-30,5.07195144075965e-29,"Down dans HBR"
"ENSG00000100403",863.099466586514,0.90376751219827,0.0794940958642882,11.3689891352582,5.96746716430165e-30,5.25305208125145e-29,"NS"
"ENSG00000198832",112.503752226747,2.61304489524366,0.231248327276574,11.2997353365434,1.31614051011592e-29,1.14248308169785e-28,"Up dans HBR"
"ENSG00000099889",209.572469361716,1.9449532043299,0.174619088115931,11.1382622903094,8.16978381321289e-29,6.99467792227131e-28,"Up dans HBR"
"ENSG00000185133",82.9459225698181,3.48418014386846,0.325252386470837,10.7122354479046,8.91819116648274e-27,7.53225605277258e-26,"Up dans HBR"
"ENSG00000100234",776.346762052693,-0.921811413128714,0.0862929152299763,-10.6823533620579,1.23110498563115e-26,1.02592082135929e-25,"NS"
"ENSG00000183765",77.633440997945,-4.47652263258317,0.423242348613374,-10.576736111708,3.82035411166742e-26,3.14173857867386e-25,"Down dans HBR"
"ENSG00000100300",103.954826712409,-2.69000262317499,0.257121170920717,-10.4620036286489,1.29096443249231e-25,1.04786074065934e-24,"Down dans HBR"
"ENSG00000128340",83.4774101230165,-3.2131051789244,0.307196811857473,-10.4594353030433,1.32643822101554e-25,1.06285113863425e-24,"Down dans HBR"
"ENSG00000100129",709.568340377538,-0.953828407231003,0.0913145323687354,-10.4455269329899,1.53599996442489e-25,1.21518984527286e-24,"NS"
"ENSG00000221963",280.28990135383,-1.59981844004231,0.154532285193599,-10.3526485616779,4.07066090191033e-25,3.18020382961744e-24,"Down dans HBR"
"ENSG00000211679",521.450624837026,-12.2159464785344,1.18146515662925,-10.3396586941141,4.66194913306521e-25,3.59718297304414e-24,"Down dans HBR"
"ENSG00000099937",101.320618063109,-6.40198473235639,0.620302942489984,-10.3207389387158,5.67844339274578e-25,4.32808185422696e-24,"Down dans HBR"
"ENSG00000185686",507.694785168836,-12.1780495498056,1.18213049594186,-10.301781056839,6.91686265234423e-25,5.20848091290981e-24,"Down dans HBR"
"ENSG00000100302",88.4543445962612,2.71758554268269,0.263854850413755,10.2995474156386,7.07935794718309e-25,5.26737942498742e-24,"Up dans HBR"
"ENSG00000075275",153.092800197932,-7.59559954793427,0.741931461369417,-10.2376027213009,1.34528379912567e-24,9.8917926406299e-24,"Down dans HBR"
"ERCC-00046",3178.69149447605,0.613552455650531,0.0599658514250648,10.2316975590223,1.42990601243626e-24,1.039175881131e-23,"NS"
"ENSG00000205593",127.433034942026,2.24654456610575,0.220379681298886,10.1939732050838,2.1096192900416e-24,1.51553109916782e-23,"Up dans HBR"
"ENSG00000273032",54.6566450274252,4.80783195878189,0.47455705216008,10.1311990558305,4.01693026014636e-24,2.85293342339941e-23,"Up dans HBR"
"ENSG00000100330",429.506255069144,1.08930355015375,0.107538904122584,10.1293904660963,4.09192186310056e-24,2.87354063419983e-23,"Up dans HBR"
"ERCC-00113",8068.96342359185,0.444471586792644,0.0442961874291417,10.0340822221696,1.07958681258455e-23,7.49713064294824e-23,"NS"
"ENSG00000100065",68.1867063520342,-3.80997448293989,0.381926233479543,-9.97568155564776,1.94759677831164e-23,1.33763514993931e-22,"Down dans HBR"
"ENSG00000100196",70.3998394280467,-5.10625924237052,0.519339305060312,-9.83222181070527,8.17939813976179e-23,5.55665634494687e-22,"Down dans HBR"
"ERCC-00043",1823.29558585116,0.586687087760323,0.059738373808021,9.82094172241344,9.14848750849475e-23,6.14817708904217e-22,"NS"
"ENSG00000183864",379.121516285055,1.180196657906,0.120725350939868,9.77588094561714,1.42908607249187e-22,9.50190207773852e-22,"Up dans HBR"
"ENSG00000100027",108.768711356116,2.24894509499243,0.230316797146139,9.76457263586139,1.59784242810566e-22,1.05121212375373e-21,"Up dans HBR"
"ENSG00000128203",102.757371370756,2.64839218682553,0.271708066451145,9.74719750288211,1.89630912231865e-22,1.23457625150954e-21,"Up dans HBR"
"ENSG00000211677",615.311202679582,-11.4923828675877,1.18101780027419,-9.73091418683071,2.22583468872823e-22,1.43417183552077e-21,"Down dans HBR"
"ERCC-00095",136.790409910161,-1.98612080892129,0.204226853484823,-9.72507177695362,2.35739080407449e-22,1.50343801280261e-21,"Down dans HBR"
"ENSG00000100075",198.082428011059,-1.76547924487824,0.181593722805365,-9.72213806514945,2.42632389647467e-22,1.5317701366633e-21,"Down dans HBR"
"ENSG00000279010",220.432551675034,1.4794193887268,0.156684465285808,9.44202978915739,3.65626798283551e-21,2.28516748927219e-20,"Up dans HBR"
"ENSG00000185386",110.452344398143,2.18610208074745,0.232327838893071,9.40955716354595,4.98231568935229e-21,3.08311614440117e-20,"Up dans HBR"
"ENSG00000169635",153.180176891419,-1.93002661097853,0.206107266172955,-9.36418519742507,7.66393214468803e-21,4.69603685336276e-20,"Down dans HBR"
"ENSG00000186976",45.3408672732,4.06731446409119,0.440592396083831,9.23146767906841,2.66948665743379e-20,1.61983413679235e-19,"Up dans HBR"
"ENSG00000100342",67.0120733888038,-2.99638290832061,0.33338839795281,-8.98766401806442,2.52540690253092e-19,1.51767241738637e-18,"Down dans HBR"
"ENSG00000100399",47.7709824316826,5.84156210728584,0.653955727914658,8.93265684194476,4.15898156188192e-19,2.47558426302495e-18,"Up dans HBR"
"ENSG00000100029",281.474456286263,-1.23792489389094,0.138985526122362,-8.90686194763241,5.24973634610628e-19,3.09536341161927e-18,"Down dans HBR"
"ENSG00000133466",72.9488990353118,-2.66023442193295,0.303027655411973,-8.77885029442711,1.65154185553291e-18,9.64685663278571e-18,"Down dans HBR"
"ENSG00000244509",52.3485744801989,-3.6881321896143,0.422829042584036,-8.72251387245071,2.72092331945491e-18,1.57460840246233e-17,"Down dans HBR"
"ENSG00000099958",51.4363392950029,-4.23801929665801,0.492415885861636,-8.60658524296442,7.52691809967833e-18,4.31589340577886e-17,"Down dans HBR"
"ENSG00000100106",171.781760115344,-1.71412845824674,0.199235615811949,-8.60352428084261,7.73048900962833e-18,4.39232330092518e-17,"Down dans HBR"
"ENSG00000214076",54.9897654197943,3.07201016081822,0.358114382059478,8.57829317870848,9.62912631840449e-18,5.42180535946199e-17,"Up dans HBR"
"ENSG00000198911",1081.557950334,0.693231618564253,0.0809779261054057,8.56074799522405,1.12137578029681e-17,6.25767734540632e-17,"NS"
"ENSG00000161179",122.640103750068,-1.88270510232331,0.222591252603351,-8.45812708407826,2.71705928620944e-17,1.50279827777071e-16,"Down dans HBR"
"ENSG00000070010",228.739693819187,-1.30512728167918,0.154670252634254,-8.43812730276839,3.2246231547958e-17,1.76788550153278e-16,"Down dans HBR"
"ENSG00000100304",277.838712840549,-1.27210516782941,0.150836855861218,-8.43364945898798,3.35049308719874e-17,1.82092015608627e-16,"Down dans HBR"
"ENSG00000070413",580.261189117543,0.908748348975769,0.108544167026695,8.37215277309441,5.65750313550331e-17,3.04822367214618e-16,"NS"
"ENSG00000100426",176.287748616851,-1.5146437220568,0.182592951043867,-8.29519274099971,1.08409286932497e-16,5.79109438741969e-16,"Down dans HBR"
"ENSG00000198792",403.050397797294,0.927536578248139,0.1118366806621,8.29367049126366,1.0980636505594e-16,5.81601509830191e-16,"NS"
"ENSG00000280623",141.329767832799,-8.47426814396451,1.03377568534992,-8.19739549310068,2.45651207528168e-16,1.29018491348828e-15,"Down dans HBR"
"ENSG00000130638",413.302264202588,0.96486789500767,0.118099848008317,8.16993341887892,3.08559699430028e-16,1.60708176786473e-15,"NS"
"ENSG00000100181",96.7979862518056,-1.98406116206581,0.243212384304483,-8.15773081514598,3.41377275909089e-16,1.76331237556348e-15,"Down dans HBR"
"ENSG00000185340",109.393081978204,1.83616047972271,0.225371604947338,8.14725741582112,3.72270680451481e-16,1.90712438755882e-15,"Up dans HBR"
"ENSG00000099968",457.033286397146,0.860961910305722,0.105729700836373,8.1430468779832,3.85452940031682e-16,1.95860233755936e-15,"NS"
"ERCC-00131",131.346242648696,-1.80025502747532,0.22195948512067,-8.11073708562893,5.03136145324319e-16,2.53596847441693e-15,"Down dans HBR"
"ENSG00000272872",48.7990243227509,-4.41484264665464,0.545480317503803,-8.09349577791844,5.79763058454573e-16,2.89881529227286e-15,"Down dans HBR"
"ENSG00000093009",147.198841890056,-9.42635837108347,1.18873666264532,-7.92972797701619,2.19626428413605e-15,1.08941680760717e-14,"Down dans HBR"
"ENSG00000261675",55.3918098962258,9.5096105404324,1.20765156832053,7.87446544176422,3.42202773541893e-15,1.68406876743058e-14,"Up dans HBR"
"ENSG00000100003",85.7559218928431,1.9170700560325,0.243655748283702,7.86794512149309,3.60513648250446e-15,1.76032054809788e-14,"Up dans HBR"
"ENSG00000184113",80.1197276280613,8.19190358266845,1.043975232963,7.84683709346078,4.26660889764907e-15,2.06715547366719e-14,"Up dans HBR"
"ENSG00000183307",44.4297705220608,3.0346648166204,0.387495471687768,7.83148459362034,4.82142438741133e-15,2.31799249394775e-14,"Up dans HBR"
"ENSG00000100379",93.0381561652556,2.09730690085801,0.268689148679373,7.80570004842555,5.91721620122881e-15,2.82309933264733e-14,"Up dans HBR"
"ENSG00000128159",478.795383388091,0.791113772568007,0.102625913011741,7.70871361190718,1.27092253658011e-14,6.0176256466861e-14,"NS"
"ENSG00000100162",40.7007488832258,-4.65267560114973,0.603880972329234,-7.70462361680955,1.31229493089606e-14,6.16679948729351e-14,"Down dans HBR"
"ENSG00000182944",1074.3445212795,-0.662935494708304,0.0872787384139158,-7.59561270884049,3.06339463506157e-14,1.4288221245623e-13,"NS"
"ENSG00000133454",63.1870605083469,-9.16586914118274,1.20760525565491,-7.59012028000151,3.19608667105994e-14,1.47966975512034e-13,"Down dans HBR"
"ENSG00000166862",45.9547888475598,9.23711706032704,1.21969195078968,7.57331968481593,3.6380555633905e-14,1.67190053464637e-13,"Up dans HBR"
"ERCC-00062",73.9666199027555,-2.43843727770572,0.323386888907469,-7.54030964564998,4.68856829188898e-14,2.13894538863548e-13,"Down dans HBR"
"ENSG00000138944",317.541425829289,0.920223216408335,0.122103387734433,7.53642657654806,4.83024729825468e-14,2.18761200102114e-13,"NS"
"ENSG00000100028",304.820887364994,-1.03229881818209,0.137018395011269,-7.53401627640721,4.92029898097641e-14,2.21236464971961e-13,"Down dans HBR"
"ENSG00000100284",178.39469302285,1.20437172021581,0.162060338299305,7.43162536160752,1.07271267392828e-13,4.78889586575127e-13,"Up dans HBR"
"ENSG00000100314",32.5166366187827,3.79376437090294,0.516619945082285,7.34343380857796,2.08182376702379e-13,9.2279422297154e-13,"Up dans HBR"
"ENSG00000100038",201.874667560952,-1.26529454534375,0.172520542688033,-7.3341674308999,2.23104041125209e-13,9.81972011994758e-13,"Down dans HBR"
"ENSG00000100351",41.7225559227864,-5.68216207348876,0.779860959770592,-7.28612197122965,3.19004193610226e-13,1.39424909794679e-12,"Down dans HBR"
"ENSG00000197182",154.778734809996,1.40636595942653,0.194862433321114,7.21722466181552,5.30592801689757e-13,2.3029201462229e-12,"Up dans HBR"
"ERCC-00112",401.356760233511,0.805807136832772,0.113228959596595,7.11661698300194,1.10608300776656e-12,4.76759917140759e-12,"NS"
"ENSG00000100368",38.4702604536507,-3.20831531032187,0.451602791526454,-7.10428582488939,1.20946320066302e-12,5.17749657818074e-12,"Down dans HBR"
"ERCC-00074",24715.1502397828,0.299441484576042,0.0421699279794441,7.10082987862834,1.24009953351144e-12,5.27253203023571e-12,"NS"
"ENSG00000159873",243.742472045916,-1.06117111359269,0.15248167440621,-6.95933539374534,3.41881714204454e-12,1.44375723903908e-11,"Down dans HBR"
"ENSG00000196236",153.433232274394,-1.24311276474931,0.179971758197004,-6.90726576882444,4.94083791530339e-12,2.07249912554672e-11,"Down dans HBR"
"ENSG00000099960",25.7076441974935,5.54654671707361,0.82486898008356,6.7241548063933,1.7661458471616e-11,7.35894102983999e-11,"Up dans HBR"
"ENSG00000100060",44.9404140203256,-2.72093149415544,0.40620797234787,-6.69837048846811,2.1075638833679e-11,8.72336044440354e-11,"Down dans HBR"
"ENSG00000278195",55.4956999114466,2.16225817892596,0.323282715968744,6.68844349580079,2.25556702675252e-11,9.27453547184424e-11,"Up dans HBR"
"ENSG00000205704",26.9454113936747,5.56277790143558,0.835743235088013,6.65608486899659,2.81217908522276e-11,1.14876596618577e-10,"Up dans HBR"
"ENSG00000211666",31.5135433749198,-8.16404414370971,1.22770200829072,-6.64985809958576,2.93375725389144e-11,1.19064823615724e-10,"Down dans HBR"
"ENSG00000170638",109.509518674881,-1.4248936322674,0.215556535106603,-6.61030124446342,3.83538741968477e-11,1.54652718535676e-10,"Down dans HBR"
"ENSG00000186716",558.1402629279,0.699550913958522,0.107077441308816,6.53313065205758,6.44089087235604e-11,2.58048512514264e-10,"NS"
"ENSG00000099998",32.5524186256433,3.11075133757838,0.477747753148708,6.51128407632742,7.45110775181642e-11,2.96620531521354e-10,"Up dans HBR"
"ENSG00000183785",22.2592546927376,4.49180860394191,0.691400867283048,6.49667771114183,8.21131071930818e-11,3.22771647771548e-10,"Up dans HBR"
"ERCC-00111",1116.76264909746,0.494672758199274,0.0761365415729867,6.49717925163525,8.1839930334565e-11,3.22771647771548e-10,"NS"
"ENSG00000128191",283.591850138089,-0.902080629291014,0.140023616201522,-6.44234632529943,1.17640457446766e-10,4.59533036901429e-10,"NS"
"ENSG00000093000",447.812850258736,-0.672721155300054,0.104620504148558,-6.43010813965117,1.27513196073351e-10,4.95004643141891e-10,"NS"
"ENSG00000100151",137.56268756646,1.36840647023771,0.21627739792501,6.32708957739625,2.49828341513927e-10,9.63843910161757e-10,"Up dans HBR"
"ENSG00000183963",147.522606584344,-1.22509152178809,0.193970407345163,-6.31586817059201,2.68648989968119e-10,1.0300958204299e-09,"Down dans HBR"
"ENSG00000100239",384.904333699565,0.833883330822594,0.132707272834625,6.28362947267969,3.30758499652161e-10,1.26051257489391e-09,"NS"
"ENSG00000100023",242.627953817601,-0.995590640007786,0.158495153959198,-6.28152101271238,3.35276473266816e-10,1.26998664116218e-09,"NS"
"ENSG00000100292",75.0653717684725,-1.71410946746266,0.274541673044286,-6.24353107655958,4.27801264659562e-10,1.61069753260377e-09,"Down dans HBR"
"ENSG00000184792",195.034098295355,1.13729679788092,0.184734548702745,6.15638388091085,7.44246975288771e-10,2.78535544644001e-09,"Up dans HBR"
"ENSG00000133519",21.9956410490205,4.04936475513661,0.659768132077939,6.13755736031557,8.37999660761168e-10,3.1175582617603e-09,"Up dans HBR"
"ERCC-00145",1190.08198252678,0.430746193070273,0.0713181176589661,6.0397863433531,1.54318428704754e-09,5.7070424816847e-09,"NS"
"ENSG00000128242",24.9766139534455,3.01664284459816,0.501550908132036,6.01462941385805,1.80298681284676e-09,6.62862798840719e-09,"Up dans HBR"
"ENSG00000283366",15.4645225132075,7.66396340361846,1.28397662344883,5.96892752068386,2.3881816400143e-09,8.72873406437975e-09,"Up dans HBR"
"ENSG00000100031",59.3259732656415,-1.87271740692735,0.316167062750034,-5.92318943864166,3.15756743986752e-09,1.14737188948674e-08,"Down dans HBR"
"ENSG00000100325",138.950834100689,-1.12240364060865,0.190406531708643,-5.89477488265024,3.75192531031444e-09,1.35546434621186e-08,"Down dans HBR"
"ENSG00000184708",170.727324416082,1.00383161697285,0.170398162385287,5.89109414632707,3.83646894151138e-09,1.36238243661626e-08,"Up dans HBR"
"ENSG00000128285",20.8359391156919,4.09733371515377,0.695412634348574,5.89194603717825,3.81673827426048e-09,1.36238243661626e-08,"Up dans HBR"
"ENSG00000100344",36.1604181543327,-2.45051050198551,0.415925851801813,-5.89170038690735,3.82241762983158e-09,1.36238243661626e-08,"Down dans HBR"
"ENSG00000099953",24.5680209045953,-3.49973168160758,0.596120626680284,-5.87084480048463,4.3358002047866e-09,1.53100289717041e-08,"Down dans HBR"
"ENSG00000253352",692.939221072621,-0.530593360535489,0.0907586134879382,-5.8462039044482,5.02917524965924e-09,1.76586209608822e-08,"NS"
"ENSG00000128165",22.5168880246782,-4.7874211132808,0.833978838136839,-5.74045874350505,9.44204225953604e-09,3.2968024649218e-08,"Down dans HBR"
"ENSG00000184319",83.0554420485476,1.39017416650946,0.245361827771211,5.66581272701364,1.46329276466584e-08,5.08087765508973e-08,"Up dans HBR"
"ENSG00000100243",418.605825469014,-0.602130135270958,0.107392106482913,-5.60683792310901,2.06056451680189e-08,7.11520896685734e-08,"NS"
"ENSG00000069998",135.56122356332,-1.1974259565143,0.213842126368875,-5.59957935719715,2.14872553210265e-08,7.37886515145141e-08,"Down dans HBR"
"ERCC-00076",222.990002406477,0.814606901142764,0.14682616488034,5.54810446630306,2.887833200445e-08,9.86281830753075e-08,"NS"
"ENSG00000198951",149.615286123192,-1.17037590229989,0.212629447587343,-5.5042982784364,3.70641569950491e-08,1.25897272401661e-07,"Down dans HBR"
"ENSG00000100276",19.8702406760425,6.14391860806666,1.12853352872909,5.44416134005846,5.20500276543364e-08,1.75844688021407e-07,"Up dans HBR"
"ENSG00000240972",130.779914096433,-1.14392600548223,0.210254883625507,-5.4406631882079,5.30825895153102e-08,1.78368916382091e-07,"Down dans HBR"
"ENSG00000242247",185.567288427493,-0.969581767356921,0.178785945058352,-5.42314311698533,5.85600685886e-08,1.95722154373663e-07,"NS"
"ENSG00000100146",212.404543049248,0.808607331881466,0.149693511912082,5.40175269824906,6.59928897252593e-08,2.1939125573557e-07,"NS"
"ENSG00000128309",124.020301989072,-1.15839610049341,0.215637021695378,-5.37197226796161,7.78800883650155e-08,2.57539974752035e-07,"Down dans HBR"
"ENSG00000273253",18.9074219691073,3.18966790572704,0.615420064540187,5.18291178580635,2.1844837323201e-07,7.18580175105296e-07,"Up dans HBR"
"ENSG00000188636",390.915843438151,0.639771844798799,0.123507887747984,5.18000798543525,2.21876401905427e-07,7.26035346549171e-07,"NS"
"ENSG00000100410",113.008576838322,-1.29555923284223,0.251346551207317,-5.15447387926808,2.54344009307198e-07,8.27942738630203e-07,"Down dans HBR"
"ENSG00000196588",221.291899507007,0.868039677715244,0.169316345391379,5.12673289580369,2.94813306570199e-07,9.54706303659971e-07,"NS"
"ENSG00000188511",23.3688355828239,-2.68951168518931,0.531110450964954,-5.06394042953371,4.10678024608536e-07,1.32306064629039e-06,"Down dans HBR"
"ENSG00000100216",186.385832657824,-0.828596994055563,0.165200812065697,-5.01569564758585,5.28419210963512e-07,1.69365131719074e-06,"NS"
"ENSG00000133460",87.8798638856911,1.29093911958668,0.257841244873142,5.00672078364273,5.53651488083718e-07,1.76547030638941e-06,"Up dans HBR"
"ENSG00000239713",27.1591153315726,-2.38467363066718,0.47693486088034,-4.99999858736574,5.7330734415506e-07,1.8188684776493e-06,"Down dans HBR"
"ENSG00000283406",8.56601920503551,6.81440009720243,1.37445455514539,4.95789407637535,7.12613949367801e-07,2.24941271896402e-06,"Up dans HBR"
"ENSG00000273164",8.55929968379152,6.80744228989718,1.376639674506,4.94497028958574,7.6155478235746e-07,2.39181778378599e-06,"Up dans HBR"
"ENSG00000128228",43.0210858588923,-2.02833549362945,0.410618441201636,-4.93970871764482,7.82393572772191e-07,2.4449799149131e-06,"Down dans HBR"
"ENSG00000100372",136.076905625397,-0.969134637882729,0.196436549374519,-4.9335759611365,8.07376217165732e-07,2.51049818770439e-06,"NS"
"ENSG00000169184",136.073370126101,-1.07546990546188,0.219456697434348,-4.90060188654583,9.55434923211384e-07,2.95617241092631e-06,"Down dans HBR"
"ENSG00000100225",535.153061841382,-0.594910911330861,0.122340887168724,-4.8627317089045,1.15776726052172e-06,3.56455437352745e-06,"NS"
"ENSG00000100422",476.245444493362,0.545490982318292,0.112644991866984,4.84256755029492,1.28172040839485e-06,3.92683948650382e-06,"NS"
"ENSG00000100228",46.2010078259662,1.55516333508804,0.322405076251095,4.82363166601275,1.40967635983802e-06,4.29779377999395e-06,"Up dans HBR"
"ENSG00000169548",9.59236124003358,-6.44649124249008,1.33845270808664,-4.81637580733468,1.46189080584745e-06,4.43534831871193e-06,"Down dans HBR"
"ENSG00000128335",252.575997179589,0.657644898462217,0.136907008353811,4.80358826308332,1.55847141835727e-06,4.70552964479851e-06,"NS"
"ENSG00000075234",92.8691694899465,-1.14690634394421,0.240011293845563,-4.77855156550338,1.76562484676065e-06,5.30536312127598e-06,"Down dans HBR"
"ENSG00000128311",75.8713532577639,-1.27539932687934,0.267159767577419,-4.77391988488592,1.80674279148754e-06,5.4029389697594e-06,"Down dans HBR"
"ENSG00000179750",15.9243301921178,-5.2694322995326,1.13136308149734,-4.65759612074188,3.19923063441502e-06,9.5215197452828e-06,"Down dans HBR"
"ENSG00000100418",306.652556507294,0.597004996464258,0.129462457114863,4.61141407145221,3.99938977501489e-06,1.18465336937645e-05,"NS"
"ENSG00000099977",79.9506582460433,-1.20674449284561,0.266541280431122,-4.52742063403364,5.97080147689952e-06,1.76025986936896e-05,"Down dans HBR"
"ERCC-00078",85.3200464235259,1.07425525176235,0.23833142658123,4.50740075353097,6.56266104329744e-06,1.92566345167179e-05,"Up dans HBR"
"ENSG00000077942",137.947403372495,-0.88575892582981,0.196843494553062,-4.49981305118033,6.80132504703108e-06,1.98636829644599e-05,"NS"
"ERCC-00022",310.368050907888,0.63945645081737,0.142142650667593,4.49869513347383,6.83718224323883e-06,1.9875529776857e-05,"NS"
"ENSG00000185608",104.920750772318,-0.947535303017908,0.21145673380684,-4.48098902295283,7.42979331459844e-06,2.14982445445557e-05,"NS"
"ENSG00000197077",278.613596741007,0.606685275348988,0.136007230427185,4.46068399042795,8.16984838683596e-06,2.35306693169239e-05,"NS"
"ENSG00000100281",135.534867226949,-0.870828878244461,0.197493660865347,-4.40940167106529,1.03656609825319e-05,2.97180647434975e-05,"NS"
"ENSG00000183579",193.03544370456,0.715927618247246,0.166162151126616,4.30860826844801,1.64285050123771e-05,4.6885002889204e-05,"NS"
"ENSG00000100092",73.1543596795403,-1.14286012445893,0.269024414421218,-4.24816508537966,2.15528553010137e-05,6.12297025596979e-05,"Down dans HBR"
"ENSG00000271127",12.2794725197001,-4.93678449721042,1.17689688220819,-4.19474685662146,2.73176499989256e-05,7.72557975082737e-05,"Down dans HBR"
"ENSG00000186998",28.6388197025713,1.91062287348108,0.455617613710328,4.1934789524968,2.74708576243211e-05,7.73391261945978e-05,"Up dans HBR"
"ENSG00000100068",29.3739376385061,-1.83943211605803,0.43901260252322,-4.18993009650729,2.79040404138238e-05,7.82063912943492e-05,"Down dans HBR"
"ENSG00000100347",145.723933010006,-0.814505871728114,0.195260853102545,-4.17137310826128,3.02769642348945e-05,8.4478136816112e-05,"NS"
"ERCC-00042",946.183777765248,-0.346454047954125,0.0834180686755026,-4.15322547566806,3.27821436254573e-05,9.10615100707148e-05,"NS"
"ENSG00000183172",55.651269258553,1.22713422249899,0.296522576624619,4.13841750758988,3.49709564765536e-05,9.67117159196725e-05,"Up dans HBR"
"ENSG00000213923",631.007556613929,-0.444030110821671,0.107352608406056,-4.13618371658142,3.53129509319894e-05,9.72272878083409e-05,"NS"
"ENSG00000273289",5.21830038404002,6.10646456026002,1.47686873371828,4.13473751650622,3.55360560031925e-05,9.74124342192776e-05,"Up dans HBR"
"ENSG00000099910",131.867577343612,0.764165255108808,0.186132997820474,4.10547975940218,4.03476613341317e-05,0.000110119163029835,"NS"
"ENSG00000100271",46.2623919294732,1.40941963033771,0.346782994416095,4.06426973938228,4.81830785710793e-05,0.000130932278725759,"Up dans HBR"
"ENSG00000185022",88.6751290684095,-1.01321340464965,0.249870285546791,-4.05495756501192,5.01434049376472e-05,0.000135669385653807,"Down dans HBR"
"ENSG00000198355",163.827911693468,-0.671712921541458,0.168358558658233,-3.98977590978924,6.61357479736949e-05,0.0001781674244981,"NS"
"ENSG00000128274",28.3626241462299,-1.88812931968956,0.476354310216911,-3.9637078518924,7.37945538000637e-05,0.000197946764485149,"Down dans HBR"
"ENSG00000100036",46.1625608379224,1.30524718836429,0.330249802881873,3.95230270230067,7.74027410408442e-05,0.00020673809038687,"Up dans HBR"
"ENSG00000184117",319.714174176037,-0.475444055691298,0.12069677387484,-3.93916125864577,8.17669598212921e-05,0.000217465318673649,"NS"
"ENSG00000100258",199.363752504411,-0.633166733636059,0.160997811763806,-3.93276608358475,8.39739450200037e-05,0.000222388625582637,"NS"
"ENSG00000235111",10.8835458527205,-3.6387757100755,0.935400429843025,-3.89007273674884,0.000100214179307526,0.000264277899017737,"Down dans HBR"
"ENSG00000244486",27.6642798831413,-1.90636474707632,0.495711645543532,-3.84571305559313,0.000120202366049414,0.000315657473869259,"Down dans HBR"
"ENSG00000235954",93.704980389542,0.946913950284652,0.246447233694935,3.84225838565017,0.000121907399260532,0.000318795500158295,"NS"
"ENSG00000128253",8.71423029620832,5.01473656591223,1.30763931489357,3.83495395771301,0.000125587817952264,0.000327051609250687,"Up dans HBR"
"ERCC-00170",15.2621921330398,-2.44286712969162,0.638461115952793,-3.8261799640626,0.00013014715962246,0.000337518567485633,"Down dans HBR"
"ENSG00000100142",29.0099724055906,1.61716201277466,0.42481935011355,3.80670516148194,0.000140830470782533,0.000363715058839187,"Up dans HBR"
"ENSG00000099899",178.140346376443,-0.713309312926804,0.192764245525989,-3.70042333826184,0.000215240097006037,0.00055360107254639,"NS"
"ENSG00000099917",288.098465748543,-0.493539950603389,0.134978714867096,-3.65642798636319,0.000255754216350791,0.000655108136144444,"NS"
"ENSG00000133477",19.0040419619612,-2.54591394928229,0.701507446527616,-3.62920445375781,0.000284296012553548,0.00072524492998354,"Down dans HBR"
"ENSG00000077935",4.68844119271972,-5.40901964923665,1.49239727733153,-3.62438321980071,0.000289651859401748,0.00073590411433371,"Down dans HBR"
"ENSG00000100078",8.66559790844697,-4.41948676764546,1.22337270215669,-3.61254322566976,0.000303208542577056,0.000767228093565424,"Down dans HBR"
"ENSG00000099954",209.118297635446,0.668757965663921,0.186254642543544,3.59055729581384,0.000329971682768731,0.000831581861816357,"NS"
"ENSG00000235513",10.5263474781561,2.72146221599012,0.759521325546481,3.58312811563521,0.000339503986551483,0.000852168640942478,"Up dans HBR"
"ENSG00000273188",3.79884396546371,5.65260958201695,1.58765375684516,3.56035411225261,0.000370355024056525,0.000925887560141313,"Up dans HBR"
"ENSG00000100335",307.021878443195,-0.483703658836148,0.137024660709656,-3.53004821417566,0.00041548394396408,0.00103457157361574,"NS"
"ENSG00000100280",525.033511266801,0.339364964597815,0.0962923647705394,3.5243185210635,0.000424573538422249,0.00105300976791232,"NS"
"ENSG00000211685",4.32840349204128,-5.30923467970406,1.5108870275298,-3.51398521726955,0.000441437378570824,0.0010905073581295,"Down dans HBR"
"ENSG00000234688",3.64803043879558,5.57828838560522,1.58922782046401,3.51006212814504,0.000448002003940526,0.00110236713568043,"Up dans HBR"
"ENSG00000100220",354.232732198809,-0.440110635082825,0.126095124663293,-3.4903065146891,0.000482466835094822,0.00118251675268339,"NS"
"ERCC-00096",28518.9419021128,-0.118808691225956,0.0341304757503263,-3.48101480023526,0.000499517888925913,0.00121952609601053,"NS"
"ENSG00000243902",3.50203296336477,5.52976618702135,1.59245081633068,3.47248789746801,0.000515658261434357,0.00125159970360967,"Up dans HBR"
"ENSG00000100393",800.711730897527,0.330707016355061,0.095250629348966,3.4719667325605,0.000516660357650071,0.00125159970360967,"NS"
"ENSG00000100218",6.26906808846148,4.53651094804478,1.30874572551627,3.46630430923105,0.000527665690809154,0.00127332454345838,"Up dans HBR"
"ENSG00000100380",1144.15223448688,-0.256793734774755,0.0742677700668416,-3.4576739619843,0.000544860342245854,0.00130742293971117,"NS"
"ERCC-00044",264.988577782305,0.481513469185567,0.139281639750531,3.45712091017892,0.000545979819623385,0.00130742293971117,"NS"
"ENSG00000234965",30.4096204445192,5.1295891625487,1.48563299677218,3.45279700551462,0.000554806337606104,0.00132348840077792,"Up dans HBR"
"ENSG00000185252",122.946593963993,-0.675083543238446,0.195617136506212,-3.45104501218894,0.000558420427912154,0.00132704474313725,"NS"
"ENSG00000272821",29.4786605590211,1.52752956901379,0.44301032443864,3.44806765158216,0.000564612598677984,0.00133667755368841,"Up dans HBR"
"ENSG00000079974",121.152466685065,0.744884716799699,0.216114037916067,3.44672064796176,0.000567434988900143,0.00133829006816071,"NS"
"ENSG00000184979",18.8235276050734,-1.84959940847868,0.547106558610765,-3.38069317460799,0.000723032313631192,0.00169885412037404,"Down dans HBR"
"ENSG00000099956",200.271912526556,-0.537933940774279,0.160296044799643,-3.35587781624089,0.000791135126008213,0.00185190806649863,"NS"
"ENSG00000100365",20.040088224883,-1.89277855039483,0.564780335180894,-3.35135349531707,0.000804175773064742,0.00187540991852785,"Down dans HBR"
"ENSG00000100105",199.058367043599,-0.540491783216072,0.162053682211956,-3.33526382022681,0.000852185089380896,0.00197998394372885,"NS"
"ENSG00000099904",181.902864513465,0.552860844755645,0.16683873628169,3.31374390071018,0.000920557809829586,0.002130920856087,"NS"
"ENSG00000225528",4.09336992285251,-5.23295433430801,1.58871172381664,-3.29383503366906,0.000988304828648879,0.00227930080407952,"Down dans HBR"
"ENSG00000237037",22.5866560281275,1.60143229568282,0.486752320565463,3.29003525616975,0.00100174830363454,0.00230181135945437,"Up dans HBR"
"ENSG00000172967",3.86687838014054,-5.131570684793,1.57633527563903,-3.25538022532213,0.00113240649663385,0.00258304401604437,"Down dans HBR"
"ENSG00000233903",3.68690397892605,-5.0771469596412,1.55953132306625,-3.25555946491594,0.001131691952041,0.00258304401604437,"Down dans HBR"
"ENSG00000100150",128.097320870565,0.624939807020877,0.192637344878457,3.24412593734189,0.00117811644888469,0.00267753738382884,"NS"
"ENSG00000198125",6.9443323410645,-4.08859563989418,1.26477953005085,-3.23265481670928,0.00122645659761473,0.00277730207793192,"Down dans HBR"
"ENSG00000205632",9.91054252694184,2.68195923748456,0.837265304031112,3.20323704394766,0.00135892077168513,0.00306615697582385,"Up dans HBR"
"ENSG00000100324",166.521900806779,0.647979662131297,0.202900940991932,3.19357642681934,0.00140522135344344,0.00315922066871278,"NS"
"ENSG00000100359",280.5988552133,0.433617776147545,0.135943832796786,3.18968332160925,0.00142428772619428,0.00319060870563235,"NS"
"ENSG00000093100",8.32828981474259,2.67051433330502,0.84560059100585,3.1581273259618,0.00158786188497186,0.00354433456466933,"Up dans HBR"
"ENSG00000198062",6.84703693052879,-4.01134907512682,1.27973749657568,-3.13450929261695,0.00172141801568988,0.00382877672528888,"Down dans HBR"
"ENSG00000099999",106.527668143704,0.677757625720286,0.216959057529191,3.12389643206805,0.00178473264636059,0.00395552448218216,"NS"
"ENSG00000025770",240.7875911649,-0.464780674963642,0.149376311488344,-3.11147510828657,0.00186155167346057,0.00411120069227157,"NS"
"ERCC-00165",84.3661213549937,0.775396039448879,0.251288954338344,3.08567498118067,0.00203090686371055,0.00446942531626441,"NS"
"ENSG00000128284",32.2092846999623,-1.35298550791584,0.438957073889951,-3.08227293371981,0.00205426388859187,0.00450496466796464,"Down dans HBR"
"ENSG00000224086",26.9740343276688,1.48131480361398,0.481849477260259,3.07422727121458,0.00211048588451639,0.00461207579658303,"Up dans HBR"
"ENSG00000213279",3.33514588259091,-4.93743120481117,1.64375363289613,-3.00375379010533,0.00266671032875634,0.00580729601210005,"Down dans HBR"
"ERCC-00060",272.630843277011,-0.412448339760091,0.137385208288934,-3.00213061432838,0.00268097118499508,0.00581807982854836,"NS"
"ENSG00000130489",38.8257178632282,-1.25982793599332,0.420947367270822,-2.99283956605149,0.00276395002197155,0.00595678884045593,"Down dans HBR"
"ENSG00000100299",110.311180370898,0.630179485366927,0.210507445774776,2.99362088142556,0.00275688275286706,0.00595678884045593,"NS"
"ENSG00000184381",150.01372922206,0.5624587151051,0.18916317412232,2.97340493314725,0.00294515624399496,0.00632550739689639,"NS"
"ENSG00000128394",6.51118878285244,-3.29992441566205,1.11523693675026,-2.95894469320382,0.00308694497855663,0.00660733086163663,"Down dans HBR"
"ENSG00000100413",228.779236091456,0.463954523191184,0.15751037072056,2.94554905222265,0.00322382026177258,0.00687674970514629,"NS"
"ENSG00000100083",339.009147942155,-0.342196299394346,0.117907390945731,-2.90224638718236,0.00370497015943352,0.00787621207362568,"NS"
"ENSG00000100139",165.712612860953,-0.482963767121852,0.166652409485439,-2.89803050920816,0.00375514058758619,0.00795580632963175,"NS"
"ENSG00000243811",9.39539318717588,-2.29888621987303,0.79737707282241,-2.88306034651316,0.00393831984776368,0.00831570913801453,"Down dans HBR"
"ENSG00000241360",6.29327734283963,2.73079109780537,0.952106039058836,2.86815857244722,0.00412868547409653,0.00868831118286306,"Up dans HBR"
"ENSG00000273145",3.18291690206489,-4.8418124306528,1.69195524547642,-2.8616669640629,0.00421419470400846,0.0088384956040446,"Down dans HBR"
"ENSG00000070371",103.813508930023,-0.596596715685901,0.208958255224943,-2.85510000571007,0.00430232792128329,0.00899316037057544,"NS"
"ENSG00000272669",5.97333796980287,-3.75116015310165,1.31724011117923,-2.84774212481544,0.00440305865308024,0.00917303886058384,"Down dans HBR"
"ENSG00000213888",20.5461026353894,1.4116589041463,0.503741817881095,2.8023460710175,0.00507324199268445,0.0105341403502584,"Up dans HBR"
"ENSG00000283633",11.4526135875007,-1.9610162240964,0.701485687485555,-2.79551851032853,0.00518165343929191,0.0107236205283359,"Down dans HBR"
"ENSG00000235478",2.34223046026161,4.94801282000243,1.77765673306477,2.78344672960106,0.00537846938675684,0.011021453661387,"Up dans HBR"
"ENSG00000100266",310.851433116134,-0.347625719886282,0.124835537647788,-2.78466954551898,0.00535822999446537,0.011021453661387,"NS"
"ENSG00000188677",205.657525418845,-0.440768291130784,0.158299477759556,-2.7843951058403,0.00536276637755921,0.011021453661387,"NS"
"ENSG00000215193",335.933922069546,0.347821770174009,0.125119603423823,2.77991426328149,0.00543732519581655,0.0111056478672724,"NS"
"ENSG00000186951",222.421204243227,-0.420022731195756,0.151824212476884,-2.76650689862599,0.00566603860509805,0.0115350948800856,"NS"
"ENSG00000198089",218.367150979663,0.442605452853566,0.160074143343791,2.76500278938231,0.00569223090531921,0.0115507932331965,"NS"
"ENSG00000185838",43.2242957964069,-0.992835242334948,0.361459698411841,-2.74673842394382,0.00601911187739327,0.0121745790400349,"NS"
"ENSG00000239282",4.52243754729896,3.40261439076439,1.25078122410932,2.72039132438,0.00652047009584185,0.0131461090641973,"Up dans HBR"
"ENSG00000100263",89.1798484351896,-0.619761076233146,0.230127368691806,-2.69312198612565,0.00707863646302068,0.0142255555928872,"NS"
"ENSG00000281538",8.26844270042604,2.16127285946524,0.803539531588999,2.68969076753613,0.00715182569591591,0.014326573910088,"Up dans HBR"
"ENSG00000224271",28.0108151676926,-1.13325263701853,0.424228487790368,-2.67132611230607,0.00755522060180793,0.0150863031186261,"Down dans HBR"
"ENSG00000100206",10.9829181854554,-2.04789634086105,0.769536032509551,-2.66120916285441,0.00778605731753023,0.0154516396691791,"Down dans HBR"
"ENSG00000182057",5.03763047753335,-3.61759567900132,1.35941509487474,-2.66114131926323,0.00778762639326624,0.0154516396691791,"Down dans HBR"
"ENSG00000100209",35.4094909264901,-1.04502568836965,0.396718398158054,-2.63417500479346,0.00843420036942351,0.0166815671863598,"Down dans HBR"
"ENSG00000099940",144.816077919813,-0.465662232595711,0.179277183266643,-2.59744282072483,0.00939207559419369,0.0185174991999087,"NS"
"ENSG00000187045",2.40390495269558,-4.45760593016826,1.72547198454154,-2.58341252138769,0.00978282725969804,0.0192272548343122,"Down dans HBR"
"ENSG00000100034",291.059649592479,-0.34134408635459,0.132241415238598,-2.5812192476821,0.00984520338963389,0.0192891915941103,"NS"
"ENSG00000233080",2.37782867253773,-4.43317685896591,1.7360470830322,-2.55360404812459,0.01066144192132,0.020823128752578,"Down dans HBR"
"ENSG00000100084",48.4379473244966,-0.861833867028074,0.339475756560152,-2.53871992439426,0.0111258851033037,0.021662548877149,"NS"
"ENSG00000280216",1.95329588209312,4.68659020728271,1.85944979047307,2.52041772318594,0.0117215637834367,0.0227514824989067,"Up dans HBR"
"ENSG00000185651",556.0021245749,-0.244132229535087,0.0974211590478256,-2.50594667443074,0.0122124036535173,0.0236308120230598,"NS"
"ENSG00000100416",195.886518718868,-0.392295580131692,0.157476347686279,-2.49113969110596,0.0127334045261568,0.0245628945334816,"NS"
"ERCC-00079",74.4374029636152,0.650871795570824,0.262290871214507,2.48148855717715,0.0130834911038426,0.025160559815082,"NS"
"ENSG00000273366",2.29396441324594,-4.39897628769814,1.77828186571049,-2.47372273907803,0.0133713423306294,0.0256352421982926,"Down dans HBR"
"ENSG00000203280",1.96110799341961,4.69163224705531,1.90595987048146,2.46155877661274,0.0138334729286058,0.0264401240990172,"Up dans HBR"
"ENSG00000250479",93.7179166526648,0.565860292296221,0.230386204969172,2.45613791143414,0.0140439250014833,0.026679188832605,"NS"
"ENSG00000273287",1.89942198273185,4.65288578299431,1.89371555592811,2.45701407924166,0.0140097195978811,0.026679188832605,"Up dans HBR"
"ENSG00000272977",20.9881921969523,1.2083974045288,0.495564261166164,2.43842726205718,0.0147513270828876,0.027938119475166,"Up dans HBR"
"ERCC-00028",6.29528211801461,-2.69563696655783,1.12141005400093,-2.403792401308,0.0162259848257701,0.0306381888704117,"Down dans HBR"
"ENSG00000242114",2.1745957005745,-4.29675973406105,1.79528655137832,-2.39335594129095,0.0166950360187593,0.031428908167845,"Down dans HBR"
"ENSG00000183506",88.0629613584405,-0.592939446615544,0.24896658119749,-2.381602557916,0.0172374901555853,0.0323526466884109,"NS"
"ENSG00000015475",127.250822464329,-0.495296718413015,0.208283418907258,-2.37799399016757,0.0174071096214741,0.0325731841719201,"NS"
"ENSG00000241717",3.53768776513984,3.4504797543502,1.47577616313556,2.33807798265221,0.0193832031427336,0.0361488595029662,"Up dans HBR"
"ENSG00000184058",7.08602738575286,-2.25085752846331,0.96309567114216,-2.3371068896966,0.0194336268687947,0.0361488595029662,"Down dans HBR"
"ENSG00000213707",8.97842587515269,-1.82692090807202,0.782326235693758,-2.33524177602445,0.0195307938852641,0.0362217987486353,"Down dans HBR"
"ENSG00000272954",2.11416353591549,-4.26074651405534,1.82724275393048,-2.33179007271491,0.0197117375377521,0.0364492188198078,"Down dans HBR"
"ENSG00000099992",41.0969338305326,-0.788890006422124,0.33894276323243,-2.32750213900021,0.019938555279251,0.036759873302454,"NS"
"ENSG00000100385",4.23965299590545,-3.21447300325071,1.38248275250941,-2.32514510391971,0.0200642025646252,0.0368827253026198,"Down dans HBR"
"ENSG00000230071",7.77133413207967,-1.99200930419659,0.859103193549168,-2.31870783295207,0.0204108835246695,0.0374099771346581,"Down dans HBR"
"ENSG00000100296",232.649428832815,-0.398217387710558,0.174904597471382,-2.27676912709922,0.0228000160425016,0.0416666959841038,"NS"
"ENSG00000278920",2.05787117342813,-4.21473543981832,1.8581177766029,-2.26828217935889,0.0233120133802644,0.0424781584917355,"Down dans HBR"
"ENSG00000099942",947.884743608557,-0.168107231069025,0.0745153614608839,-2.25600772475983,0.0240701473578833,0.0437320991240612,"NS"
"ENSG00000269220",2.01928658850587,-4.1932447417375,1.86335466795466,-2.25037391638399,0.0244252193408247,0.0442485857623636,"Down dans HBR"
"ENSG00000184436",120.968581510402,-0.451019397967214,0.201374190481116,-2.23970806233736,0.0251098818181199,0.0452712854248515,"NS"
"ENSG00000183066",20.1208483574465,1.13765843766344,0.508035765141941,2.23932745629747,0.0251346176678775,0.0452712854248515,"Up dans HBR"
"ENSG00000280356",1.89842225918785,-4.11360992493353,1.84213968961508,-2.23306079779057,0.0255449353378776,0.0458781166269354,"Down dans HBR"
"ERCC-00019",13.8364089706645,-1.33828286713308,0.601590645941144,-2.22457392940251,0.0261098544106473,0.0467583352626205,"Down dans HBR"
"ENSG00000207751",5.7875695249796,-2.30301673830576,1.04629367244262,-2.20111886267003,0.0277276102678741,0.0495135897640609,"Down dans HBR"
"ENSG00000278869",1.95207043615013,-4.13576848213101,1.88310430698011,-2.19625034407331,0.0280740297516918,0.0499893692159753,"Down dans HBR"
"ENSG00000226287",6.80075068922976,2.33986101498749,1.07147538786885,2.18377485986071,0.0289787958006463,0.0514538277710338,"NS"
"ENSG00000242082",5.9967224575307,2.15939905782508,0.989724669619112,2.1818179581763,0.0291229706644221,0.0515633333293593,"NS"
"ENSG00000234913",6.91110860141566,1.96420947672219,0.902461861423497,2.17650136884892,0.0295177914346868,0.0521147447646307,"NS"
"ENSG00000260924",11.0015601638789,-1.51405858964832,0.699165886987305,-2.16552125586729,0.0303477893974463,0.0534292066856449,"NS"
"ERCC-00085",8.03475325873738,-2.03688827768325,0.942250059010624,-2.16172793857079,0.0306391528154133,0.05379064749897,"NS"
"ENSG00000206140",4.86242573271339,2.7875847249388,1.29214074255587,2.15733830931214,0.0309793141379732,0.0542354939390287,"NS"
"ENSG00000100417",83.4666943640136,0.595291194062911,0.276349146587218,2.15412713017021,0.0312302034659504,0.054522003257595,"NS"
"ENSG00000185339",66.545689645722,-0.574817103342405,0.269006339926999,-2.1368161936198,0.032612944493245,0.0567774103294656,"NS"
"ENSG00000272858",2.6748175662511,-3.52017775207412,1.65392484882713,-2.12837829637207,0.0333057311403554,0.0578224498964503,"NS"
"ENSG00000230149",1.83931218729137,-4.08584165748976,1.92385547033582,-2.12377786194956,0.0336887230134715,0.0581642317221538,"NS"
"ERCC-00084",67.502556509503,0.574906815582286,0.270615498539683,2.12444157368903,0.0336332367440095,0.0581642317221538,"NS"
"ERCC-00160",25.2852689256196,0.938191877278414,0.442109525196239,2.12208021725381,0.033831002353876,0.0582489709949656,"NS"
"ENSG00000099991",662.261343414789,0.200805012852744,0.0949359133275742,2.11516385964362,0.0344159840059916,0.059093379131167,"NS"
"ENSG00000225450",1.82415969700189,-4.06481496688897,1.9255931754123,-2.11094171852714,0.0347773216518333,0.0595502083079337,"NS"
"ENSG00000100246",59.2464290301657,0.670725743602456,0.319729030460439,2.09779431863459,0.035923318619649,0.0612026467522615,"NS"
"ERCC-00009",890.218233632564,-0.15722692615654,0.0749546984112049,-2.0976260259762,0.0359381941729279,0.0612026467522615,"NS"
"ENSG00000099949",335.007080924305,-0.259106001668448,0.124070541249768,-2.0883764917801,0.0367638863488317,0.0624386656739669,"NS"
"ENSG00000205559",3.9342978539845,2.59105254533178,1.2508335814996,2.0714606512446,0.0383157679994341,0.0648979810288517,"NS"
"ENSG00000272720",8.06985844299906,1.84926243777671,0.89353856308744,2.06959443517128,0.0384903396287136,0.0650174655890432,"NS"
"ENSG00000100290",4.13142335799393,-2.61660744038622,1.2656151523355,-2.06745900249193,0.0386909234944618,0.0651801271806971,"NS"
"ENSG00000128408",8.51511508613735,-1.83182792213603,0.90990735490659,-2.01320267635828,0.044093311806569,0.0740815050513593,"NS"
"ENSG00000274602",51.7319071510998,-0.673814638835574,0.337920288421069,-1.99400468667912,0.0461515423432187,0.077248734284842,"NS"
"ENSG00000186654",24.2343056350792,-0.934938351720623,0.469034088552017,-1.99332708334042,0.0462256425960494,0.077248734284842,"NS"
"ENSG00000223875",1.88749846931947,-4.10454840015606,2.0655666804484,-1.98712945895556,0.0469080524488263,0.0781800874147105,"NS"
"ENSG00000073146",7.26282404438532,2.06131170037208,1.04298329071827,1.97636119266353,0.0481138835320604,0.0799765351264302,"NS"
"ENSG00000273350",2.93325758952627,3.14701013299686,1.59777400175061,1.96962156697306,0.0488817580229516,0.0810373972529038,"NS"
"ENSG00000130487",3.68235265029599,-3.01790206520428,1.533347795654,-1.9681784352891,0.0490475105875164,0.081097074384121,"NS"
"ENSG00000234353",1.66911300706676,-3.90763236376547,1.98911418320959,-1.96450882345035,0.0494711140513274,0.0815816524593131,"NS"
"ENSG00000093010",243.552930853092,-0.296242755981127,0.151383295863669,-1.95690518092507,0.0503586173305361,0.0828266732410133,"NS"
"ENSG00000184949",45.2612434135292,-0.758105712688404,0.390304903106937,-1.94234227306311,0.0520956786676071,0.0854587904652348,"NS"
"ENSG00000273203",9.45257397404703,1.37823466002691,0.710002258131613,1.94116940367734,0.0522377329748832,0.0854674950505288,"NS"
"ENSG00000233388",1.79940550960657,-4.04586331230032,2.08560135018063,-1.93990251873874,0.0523915379317861,0.0854953295231496,"NS"
"ENSG00000100058",62.2179869188512,-0.534382604368033,0.277491042131516,-1.92576524367502,0.0541336931093326,0.0881082244618043,"NS"
"ENSG00000178026",43.3765219055294,0.624266228813597,0.328337354318875,1.90129517888276,0.0572633602052033,0.0929600003331223,"NS"
"ENSG00000182841",69.7390434022528,-0.486314573862792,0.257684271304151,-1.88724973938663,0.0591267431053917,0.0957363068416316,"NS"
"ENSG00000215012",259.980778820827,-0.25568008228435,0.136072979989356,-1.87899230474963,0.0602455439662851,0.0972957751393493,"NS"
"ENSG00000218537",7.18833646502983,-1.75891344217737,0.943039324706704,-1.86515386590523,0.0621598400170475,0.0999073238724478,"NS"
"ENSG00000100360",115.125856362335,0.37085207480589,0.19884899285242,1.86499347814713,0.0621823183782115,0.0999073238724478,"NS"
"ERCC-00059",20.8851133803905,0.926523534860435,0.500811919831945,1.85004289668533,0.0643073671480725,0.103056678121911,"NS"
"ENSG00000279712",13.2131697177159,-1.18399415910037,0.643738980394226,-1.8392457116319,0.0658790540004903,0.10530539322329,"NS"
"ENSG00000183597",138.360700743615,0.351643145716827,0.191935733316423,1.83208795798911,0.0669383171627143,0.106725633231368,"NS"
"ENSG00000235445",4.85931772726981,1.83977542328736,1.01493227137893,1.81270758174608,0.0698769344972601,0.111127440358238,"NS"
"ENSG00000133422",208.470527234273,-0.329778004676318,0.18217089011008,-1.81026729614728,0.0702543460345209,0.111161939928039,"NS"
"ENSG00000159958",13.0758105177803,-1.13901945298249,0.628961049514773,-1.81095387999179,0.07014799112628,0.111161939928039,"NS"
"ENSG00000100191",7.23889626732255,-1.56268057822392,0.872727509944289,-1.79057100918438,0.07336216273785,0.115786241694839,"NS"
"ENSG00000244627",30.554084379383,-0.688442254818413,0.387115550726495,-1.7783895623062,0.0753398957673866,0.118608148248405,"NS"
"ENSG00000093072",57.1456724944275,0.509857242352603,0.291588397680571,1.74855119890998,0.0803686281770153,0.126207016609635,"NS"
"ENSG00000180957",164.46300816325,0.309578670324685,0.177177416471472,1.74728064383155,0.0805886689597191,0.126235383708833,"NS"
"ENSG00000100201",3820.97068746368,0.0818657505686258,0.0472036170298019,1.73431096428352,0.0828629231106008,0.129473317360314,"NS"
"ENSG00000280384",4.05074532932129,-2.07330194664649,1.19867124343546,-1.72966687738691,0.0836898098133368,0.130439229758941,"NS"
"ENSG00000100156",2.4341671870166,2.8289028664283,1.63755303435682,1.72751831975897,0.0840746179520549,0.130713025422971,"NS"
"ENSG00000280156",6.80046247087894,-2.20991326155215,1.29290668653517,-1.70925967400976,0.0874028595257615,0.135550340455586,"NS"
"ERCC-00069",5.44815211580737,1.6816378852175,0.984660702534848,1.70783487234578,0.0876669864647781,0.135623432030907,"NS"
"ERCC-00154",4.52898288622714,-2.14441311611337,1.25668103275033,-1.70641002786537,0.0879317648594582,0.135697167992991,"NS"
"ERCC-00053",41.881351859915,-0.596421958615461,0.353569558075944,-1.68685890793617,0.0916304850953092,0.141056781242779,"NS"
"ERCC-00014",16.0354381104334,1.0503170500335,0.626131602609131,1.67747011276344,0.0934505890600745,0.143505204330581,"NS"
"ENSG00000267338",2.85665003554516,-2.60257994073874,1.55760801562225,-1.67088247789931,0.0947448931388045,0.145136172087629,"NS"
"ENSG00000273295",33.0101935279734,-0.606449061622881,0.366842704180869,-1.65315830112264,0.0982986504952078,0.150211874228618,"NS"
"ENSG00000206145",3.93651525000753,1.88856746480263,1.15392770738042,1.63664279202546,0.101705128835952,0.154931333929255,"NS"
"ENSG00000100311",68.1048532167835,0.443399466621706,0.271060808390811,1.63579334561129,0.101882845191878,0.154931333929255,"NS"
"ENSG00000128271",4.24612232784291,2.05045252357107,1.26304865422582,1.62341531081231,0.104500653903035,0.158142636051809,"NS"
"ENSG00000185721",241.161562640397,-0.228560854670609,0.140707078218793,-1.62437353944062,0.104296110834133,0.158142636051809,"NS"
"ENSG00000100116",86.1238965560992,-0.397741852112155,0.246636407963265,-1.61266479428859,0.106817353152759,0.161258081450421,"NS"
"ENSG00000100341",3.50384444490065,2.20770633565525,1.37062447504447,1.61073027357375,0.107238524313324,0.161503801676692,"NS"
"ENSG00000100336",13.4778411999977,0.98570709800991,0.613572825981147,1.60650383503163,0.108163252997882,0.162504887316529,"NS"
"ENSG00000280011",2.58157296452206,-2.55354509116646,1.59264429551502,-1.60333672644758,0.108860332232781,0.163159970372873,"NS"
"ENSG00000189060",303.710197374325,-0.201457343906936,0.125861649920924,-1.60062532179983,0.109459930349979,0.163666163800806,"NS"
"ENSG00000279080",1.66232901937004,-3.90143924778355,2.45253221853047,-1.59078001842571,0.111659091326365,0.166555923816176,"NS"
"ENSG00000100376",129.347692977087,-0.3166213319902,0.199904353439734,-1.58386411572399,0.113224644931245,0.16848905495721,"NS"
"ENSG00000226471",12.9506966130263,-1.01605389240456,0.646070876669733,-1.57266629575065,0.115796107991544,0.171906336091959,"NS"
"ENSG00000184983",198.632028268617,-0.243550801561431,0.15555440981497,-1.56569525641305,0.117419977333088,0.173896727897924,"NS"
"ENSG00000100207",559.939933499157,-0.147939341518124,0.0945834629084814,-1.56411424332465,0.117790741605346,0.173896727897924,"NS"
"ERCC-00163",15.139732772342,0.931222771525729,0.595660555706719,1.5633446979226,0.117971540205952,0.173896727897924,"NS"
"ENSG00000187860",17.1241098766281,0.918886652298704,0.601578431976547,1.52745943580392,0.126646806657193,0.185808108358558,"NS"
"ENSG00000270083",2.63262915447422,-2.49528037037847,1.63317103905099,-1.52787449122809,0.12654370272347,0.185808108358558,"NS"
"ENSG00000270022",2.59397208347147,-2.37888015212866,1.5713966958133,-1.51386353202011,0.130060455073376,0.190369518550023,"NS"
"ENSG00000280434",16.3106749447688,-0.840636964527646,0.561931280964754,-1.49597823257747,0.134659327684328,0.196640373370807,"NS"
"ENSG00000159307",12.1099723660583,-1.15671397949192,0.780033005463709,-1.4829038917453,0.138099947317007,0.201194561942026,"NS"
"ENSG00000237438",52.0507744332616,0.446760310458245,0.30465763630955,1.46643398100913,0.142530094518626,0.207165835056142,"NS"
"ENSG00000273139",4.20056312562831,1.60915083327215,1.10635625467472,1.45445992325976,0.145818836847186,0.211454229766801,"NS"
"ENSG00000215481",6.83129288556763,-1.23904489700233,0.859220022315082,-1.44205775566524,0.149286081086332,0.215981020090179,"NS"
"ENSG00000226328",56.7258401718784,0.424922559534614,0.295280765016774,1.43904585017746,0.150137532565051,0.216711219060409,"NS"
"ERCC-00058",6.98919175515508,1.30094948861566,0.905423999430565,1.43684007650984,0.150763439990125,0.217113248833705,"NS"
"ENSG00000133488",2.42516748208988,-2.33926167852344,1.64003159917876,-1.42635158962475,0.153766880029582,0.22092942532986,"NS"
"ENSG00000272733",2.02960838619512,2.50554677839059,1.76821820487255,1.41698958391347,0.156485972844655,0.224320488596122,"NS"
"ERCC-00168",1.9733264612152,2.43513392710492,1.75305995726859,1.38907623610265,0.164809569109327,0.235711626300525,"NS"
"ENSG00000100395",211.256639875832,0.21744051740573,0.156937064148193,1.38552685808118,0.165891425801326,0.236717217182258,"NS"
"ENSG00000225335",5.00927859306516,1.32809047434082,0.969058209301742,1.37049607711159,0.170532099131017,0.242784879172861,"NS"
"ENSG00000231711",14.7378381139291,0.76853858869594,0.563404441392352,1.36409749769923,0.172536882234561,0.245080798628638,"NS"
"ENSG00000100109",180.423573943207,-0.250548625275988,0.184146549081154,-1.36059364960225,0.17364213955277,0.245557404518877,"NS"
"ENSG00000073169",108.465113832522,0.344186477236981,0.252977311447428,1.36054286950752,0.17365819647575,0.245557404518877,"NS"
"ENSG00000128294",101.076850358787,-0.330547589972212,0.244192224196501,-1.35363683696259,0.175852268516401,0.24809857296332,"NS"
"ENSG00000235989",2.71055591329479,2.27241151589413,1.68066299388104,1.35209231366879,0.17634578588073,0.248234495890667,"NS"
"ERCC-00051",5.92570581405851,-1.36330986289789,1.02090064205223,-1.33539916299528,0.181745738572814,0.255260868782042,"NS"
"ENSG00000279954",3.28134761605327,2.08215516184386,1.57117528086801,1.32522143595179,0.185097717622836,0.258805533588976,"NS"
"ENSG00000100429",11.5502801398048,0.869688896380048,0.655821836025103,1.32610542773504,0.184804778541936,0.258805533588976,"NS"
"ENSG00000209482",3.03111759896399,-1.90660565578609,1.45018371827717,-1.31473387251317,0.188599358449615,0.262526946616947,"NS"
"ENSG00000205634",6.87534953225425,1.1970707771308,0.909691419499916,1.31590861634033,0.188204716425991,0.262526946616947,"NS"
"ENSG00000214093",2.62440345069252,-1.86309143928237,1.4429896571754,-1.29113291285074,0.196657593044399,0.273135545894998,"NS"
"ENSG00000128185",109.736740116171,-0.295818918575306,0.234566691495795,-1.26112926216811,0.207262279349218,0.287225996880845,"NS"
"ERCC-00054",3.75119638280081,1.48058581601315,1.17630994427096,1.25866981166326,0.208149619688522,0.287817505100279,"NS"
"ERCC-00144",7.43113996222302,-1.07188149100905,0.852628472371478,-1.25714953903398,0.208699491558218,0.287940799611228,"NS"
"ENSG00000128254",2.59150582505205,1.91060692867328,1.53780507891927,1.24242464462141,0.214079927471441,0.293708426360745,"NS"
"ENSG00000205853",4.29793709202155,1.43836753723217,1.15794089906582,1.24217698709199,0.214171268480253,0.293708426360745,"NS"
"ENSG00000279738",44.1001207313139,-0.444946033377632,0.358291142760836,-1.24185607812984,0.2142896678728,0.293708426360745,"NS"
"ENSG00000184068",3.69732248343954,1.45866789086279,1.17672928538882,1.23959512946158,0.215125183054943,0.294208401333346,"NS"
"ENSG00000138942",188.313748650595,0.211586973737163,0.172539658467887,1.22630921850667,0.220082333598278,0.300330695412497,"NS"
"ERCC-00171",2609.95764106426,-0.0687914470231754,0.0563937268393757,-1.21984218597774,0.222524705791292,0.303002050369407,"NS"
"ENSG00000100226",384.984376282193,-0.15000387852054,0.123496468244259,-1.21464103915791,0.224503029277992,0.30503128977988,"NS"
"ENSG00000272689",3.60520265215983,-1.46957206203214,1.21252627100559,-1.21199193549297,0.225515467678702,0.305742228414727,"NS"
"ENSG00000244491",2.15471835777091,-2.10998760391604,1.74560824963264,-1.20874062342457,0.226762509514338,0.306767464169829,"NS"
"ENSG00000100099",389.539547488173,-0.158927141859351,0.132678770923554,-1.19783399222865,0.230981650990078,0.311800284813821,"NS"
"ENSG00000234869",2.77645095813843,-4.65803942750827,3.92016420010854,-1.18822559202477,0.234744543590982,0.316196852897335,"NS"
"ENSG00000214491",10.5882325570693,0.877259335184597,0.759804336665804,1.15458584908085,0.248260064295906,0.331543889284063,"NS"
"ENSG00000228839",2.00573952361851,1.85518178167217,1.60594830000976,1.15519396338032,0.248011006206114,0.331543889284063,"NS"
"ENSG00000279184",2.54978589154242,-4.53523511059379,3.92135252053272,-1.15654868743544,0.247456796871427,0.331543889284063,"NS"
"ENSG00000025708",38.2124392035065,-0.432737445216376,0.374128023488309,-1.15665605901852,0.247412908926467,0.331543889284063,"NS"
"ENSG00000280007",5.32764809968326,-1.31253495825226,1.1402372549909,-1.15110688806843,0.249688264607187,0.332740224689748,"NS"
"ENSG00000100147",42.363667325331,-0.387508724743411,0.342384332338603,-1.13179455992216,0.257720815379116,0.342713850238186,"NS"
"ERCC-00099",31.9239509922147,0.442008827909647,0.397916118221062,1.11080905665673,0.266650547303254,0.353835651941686,"NS"
"ENSG00000100138",450.98833223537,-0.116348125335949,0.105775197269672,-1.09995659038406,0.271351036103013,0.35931016433132,"NS"
"ENSG00000226450",6.81946335493131,-0.895768725528469,0.815647842385884,-1.09822974938329,0.272104178851112,0.35954569087092,"NS"
"ENSG00000230701",10.0033547390548,-0.744570397092572,0.686039208770224,-1.08531755557714,0.277781033089048,0.363968858869298,"NS"
"ENSG00000229955",3.63344747681451,-1.31312416467352,1.20950933447085,-1.08566682972149,0.277626421031367,0.363968858869298,"NS"
"ENSG00000188130",146.210667516339,-0.216442226300616,0.199211628063078,-1.08649393815547,0.277260521366549,0.363968858869298,"NS"
"ERCC-00143",4.8579158695197,-1.16237955906011,1.06878059345166,-1.0875754726292,0.276782563515164,0.363968858869298,"NS"
"ENSG00000229492",2.44184647797382,1.65581904646897,1.53002173438102,1.08221929745255,0.279155095718068,0.365004047748519,"NS"
"ENSG00000128262",2.10130968644393,1.79267510339198,1.66590728341264,1.07609536331437,0.281884609129389,0.36738607190887,"NS"
"ENSG00000138964",38.8873989549428,-0.387619366761516,0.36040969977875,-1.07549648913298,0.282152503226012,0.36738607190887,"NS"
"ENSG00000205702",8.93582245111799,0.886595920751535,0.825977527052235,1.07338988255,0.283096222057178,0.367848521384068,"NS"
"ENSG00000275793",3.95190499154714,-1.26835003010424,1.19782565233822,-1.05887699735629,0.289655801420352,0.375591028812697,"NS"
"ENSG00000233521",1.92771838296092,-1.83172299439698,1.73372440481377,-1.05652489479361,0.290728473348276,0.376201440668059,"NS"
"ENSG00000272973",3.72191299700892,1.41369101863474,1.35170745960076,1.04585574977317,0.295627637118097,0.381750564460352,"NS"
"ENSG00000236850",5.40519970584073,1.05992505418679,1.01900679707332,1.04015503844625,0.298267876535623,0.384365820277865,"NS"
"ENSG00000100024",4.13402453827063,-1.3159527023723,1.27493753506606,-1.03217033476399,0.301992329396588,0.388364621137587,"NS"
"ERCC-00157",24.3733466112966,0.457420295096191,0.445553469963712,1.02663389678784,0.304592886506072,0.390904628472885,"NS"
"ENSG00000186575",578.74736023762,-0.0924476138699527,0.09097226054935,-1.01621761745496,0.309525768781492,0.396421322722197,"NS"
"ENSG00000244723",3.85009725384948,-1.11470182871836,1.10261056026216,-1.01096603723198,0.312032685273629,0.398814781791449,"NS"
"ENSG00000100197",4.37048629929848,-1.12876872355043,1.12134361179087,-1.00662162042168,0.314116640617424,0.400658980379367,"NS"
"ENSG00000100401",630.530359695086,0.0911190880880523,0.0909731577995361,1.00160410270508,0.316534838701021,0.402102183309224,"NS"
"ENSG00000227370",1.88930125214565,-1.84336776836317,1.83969810434158,-1.00199470989992,0.316346147832372,0.402102183309224,"NS"
"ENSG00000187905",1.72936501512881,1.74814341393674,1.78961579475647,0.976826098126066,0.328655253304005,0.415931723099558,"NS"
"ENSG00000241484",5.78050971911682,-0.882328719418059,0.90468624437407,-0.975286984747425,0.32941792469485,0.415931723099558,"NS"
"ERCC-00071",86.7442574146068,0.237816704463795,0.243686214836332,0.975913654465521,0.32910725499445,0.415931723099558,"NS"
"ENSG00000279699",2.33169065363263,1.54666119695319,1.60084551726493,0.96615268636019,0.333967784084705,0.420826340832542,"NS"
"ENSG00000182858",117.597334803039,0.219487633073431,0.228949778077016,0.958671525768408,0.33772424731191,0.424703530321818,"NS"
"ENSG00000261188",34.0377656486719,0.355818468662824,0.375322611749505,0.948033658308608,0.343112319586468,0.430612850886632,"NS"
"ENSG00000100319",45.0407093532362,-0.329253378923995,0.349827444281622,-0.941187960824869,0.346608545221515,0.434128939405705,"NS"
"ENSG00000242259",157.855691021473,0.167752577782464,0.180005326758655,0.931931186721936,0.35137208913111,0.439215111413888,"NS"
"ENSG00000260708",19.1937367583582,-0.523824236953633,0.566040016510002,-0.925419089949406,0.354747952610137,0.44254984108051,"NS"
"ENSG00000100387",146.885594511818,-0.161525612607374,0.176884431886279,-0.913170316261755,0.36115297306097,0.44964264574324,"NS"
"ENSG00000183569",9.0737104758472,-0.737259297746312,0.811047773530857,-0.90902080223547,0.363339145328819,0.451465140816127,"NS"
"ENSG00000223553",3.8811570638651,0.9779574531496,1.09120748488258,0.896215858760205,0.370137487347088,0.458999860301448,"NS"
"ENSG00000233010",3.98683817782066,1.04078216166678,1.16336402655411,0.894631549463993,0.370984080836478,0.459138713906532,"NS"
"ENSG00000279175",12.4328576068318,-0.535476379091729,0.600600366103249,-0.891568519290039,0.372624250043381,0.459349420664917,"NS"
"ENSG00000273243",4.03245939311708,-1.02708728298617,1.15196469928314,-0.891596143202409,0.372609438143429,0.459349420664917,"NS"
"ENSG00000099995",491.616302007275,-0.0887016331541158,0.100173739232912,-0.885477909014435,0.375898929069757,0.462474076119288,"NS"
"ENSG00000100055",31.4687446520436,0.343369031881382,0.389503887863364,0.881554825460006,0.378017593462401,0.464166986078586,"NS"
"ENSG00000237689",2.7925664722374,1.15813103600452,1.32011565364687,0.877295131532706,0.380326355899076,0.466086220464554,"NS"
"ENSG00000235159",5.05320269005978,0.822414697893113,0.949495777173928,0.866159405511988,0.386402751502197,0.472241665330503,"NS"
"ERCC-00126",11.0735659062591,-0.620772410383078,0.717386335810789,-0.86532511060652,0.386860372238748,0.472241665330503,"NS"
"ENSG00000273899",27.9993175185365,-0.34960012909433,0.408029133972916,-0.856801880028341,0.391554386511306,0.477039944580051,"NS"
"ENSG00000100122",3.8094831429604,-1.00609410359468,1.18562626044728,-0.848576096159613,0.396117212737539,0.481660034943506,"NS"
"ENSG00000277232",2.90687253625768,1.12269427776197,1.32667753126402,0.846245037927415,0.397416061870899,0.482301045959828,"NS"
"ENSG00000244625",14.4006153594631,-0.519413350587779,0.617186413132459,-0.841582607030436,0.400021628273571,0.484522321067794,"NS"
"ENSG00000229891",5.57552835944588,0.812624862760799,0.977668611498636,0.831186409385849,0.405868331197864,0.490653205026432,"NS"
"ENSG00000230345",1.77399378578832,-1.63658901813216,1.97400554502654,-0.829070122044748,0.40706472925018,0.491149528535449,"NS"
"ENSG00000235786",5.73423268168172,0.732868872055747,0.914455105234166,0.801426847377139,0.422884577828019,0.509254067711969,"NS"
"ENSG00000100056",110.305016861002,0.172253270389951,0.215338060348167,0.799920228274768,0.423757017031442,0.509323337778176,"NS"
"ENSG00000100104",128.727970463823,0.15270611410713,0.194219282331278,0.78625619595618,0.431717409528205,0.517895164981051,"NS"
"ENSG00000177096",10.5014077785796,0.563609991410284,0.72983104886325,0.772247210211371,0.439968024914893,0.526781639026452,"NS"
"ENSG00000161180",3.63364854391756,-0.918673168386963,1.20764889432636,-0.760712134713133,0.446829025252856,0.533973500541176,"NS"
"ERCC-00035",149.897483840168,-0.143806786347059,0.192523817790089,-0.74695582083175,0.455090229092893,0.542808002257744,"NS"
"ENSG00000281530",6.24922462933122,0.698835867267437,0.945829181608127,0.738860547820332,0.459991680913485,0.546568061921917,"NS"
"ENSG00000232545",17.3163354307851,0.386522155432922,0.522474829947968,0.739790958870525,0.459426845816854,0.546568061921917,"NS"
"ENSG00000249222",1.69938463364008,1.43473140362011,1.96309975925362,0.730849971763843,0.464870796478255,0.550273196588844,"NS"
"ENSG00000184164",93.9299711212883,-0.169577448362262,0.232018914643302,-0.730877689963186,0.464853864282376,0.550273196588844,"NS"
"ENSG00000100124",109.691939984584,-0.165654230012821,0.227663306735441,-0.727628146969339,0.466841245698636,0.551561018074948,"NS"
"ENSG00000279159",8.88962482418414,-0.626535612814028,0.874448927379011,-0.716491945037825,0.473687639462144,0.558593914460075,"NS"
"ENSG00000237977",8.88751113387143,0.577071480007003,0.809534271138863,0.712843792511923,0.475942423452347,0.56019588447781,"NS"
"ENSG00000182257",1.84516682417936,1.20377851717072,1.73562554581116,0.693570407554775,0.487951657250401,0.573251477032895,"NS"
"ENSG00000236499",3.1839260178612,-0.96457537048968,1.3994727048967,-0.689242003159239,0.490670988385141,0.575364667430981,"NS"
"ENSG00000100221",351.889924589256,-0.085584377330388,0.126480676272343,-0.676659706863871,0.498621887054782,0.58359303260157,"NS"
"ENSG00000099957",37.7119421537907,0.245956745977783,0.364660698192275,0.674481092141433,0.500005502669932,0.584118577885434,"NS"
"ENSG00000223704",6.69005243242038,0.561901388815052,0.844976241633648,0.664990754921926,0.506056406295128,0.589970587257466,"NS"
"ENSG00000241990",15.4064125499999,0.369605198174197,0.556912665052641,0.663668150084647,0.506902728571615,0.589970587257466,"NS"
"ENSG00000231466",2.82245014690189,-0.904040511612066,1.36690903157983,-0.661375768778996,0.508371361518325,0.590580113288017,"NS"
"ERCC-00031",2.85902116244356,1.08394528391075,1.66138836828992,0.65243341328221,0.514121615158991,0.596152151158384,"NS"
"ENSG00000189306",201.513890469061,-0.104371132538957,0.164764067269977,-0.633458097195048,0.526434536243364,0.609299231763152,"NS"
"ENSG00000273137",1.85609061404773,1.17482438598828,1.89757294692535,0.619119485178082,0.535837647840437,0.619036099630819,"NS"
"ENSG00000228274",12.8507195885776,0.357636817386229,0.594276976777907,0.601801569573315,0.547306230222899,0.63111880791386,"NS"
"ERCC-00034",25.6566062281407,0.262453353653347,0.447416406145719,0.586597518661103,0.557474049569855,0.641659817644861,"NS"
"ENSG00000274422",3.00991816339787,-0.873363052655044,1.49354425063882,-0.584758739007222,0.55870995178198,0.641900220337753,"NS"
"ENSG00000278558",3.23801624736915,0.747066690629021,1.30035703356709,0.574508901282057,0.565623478812477,0.648650778454675,"NS"
"ENSG00000100014",170.60227835278,-0.0978764980092286,0.171488152246687,-0.570747872240365,0.568170562920461,0.650378391621407,"NS"
"ENSG00000161149",18.1754630549665,0.279970407300673,0.510166226687346,0.548782715623103,0.583154573318791,0.666310070062604,"NS"
"ENSG00000273343",4.34712625619401,0.541779510634265,1.01717573506093,0.532631178625012,0.594288914912996,0.677793014271209,"NS"
"ENSG00000230513",6.76948994049478,0.507448040560728,0.969789203020401,0.523256022010025,0.600796100626231,0.683966416924216,"NS"
"ENSG00000177663",138.679193665902,0.0931250194856423,0.181532295673759,0.512994225848398,0.607955359772635,0.690858363377994,"NS"
"ENSG00000167065",24.2154475537011,0.229835592435604,0.449582911242468,0.511219591955642,0.609197301360282,0.691013272867834,"NS"
"ENSG00000133433",7.43999811257954,-0.38720249842567,0.77328486953493,-0.500724265636468,0.616565192189286,0.698103704924464,"NS"
"ENSG00000272779",10.3374785174689,0.355476475711312,0.717717570352649,0.495287408857288,0.620397257525565,0.699493051124191,"NS"
"ENSG00000182541",144.220611468417,0.0883683255152599,0.178803115131749,0.494221397933402,0.621149829398282,0.699493051124191,"NS"
"ENSG00000280424",2.38849706018927,-0.79237915108551,1.60305553584149,-0.494293013167237,0.621099258748257,0.699493051124191,"NS"
"ENSG00000261251",6.39400289247101,0.421966170014814,0.878956484306612,0.480076292227019,0.631173145289033,0.709502186700801,"NS"
"ENSG00000187792",85.8468002550777,-0.121355854437783,0.258734396111216,-0.469036418279764,0.639043604958486,0.717059700357367,"NS"
"ENSG00000237862",2.26085150271392,0.673106159745729,1.46292521304349,0.460109753898758,0.64543744327214,0.722936204381878,"NS"
"ERCC-00025",179.523801523165,-0.0779258632691623,0.175336235685501,-0.444436730174458,0.656726862815336,0.734265275956324,"NS"
"ENSG00000237476",4.33722257032765,0.620136886998213,1.40514799620827,0.441332079376424,0.658972605471854,0.734339667264044,"NS"
"ENSG00000254413",5.36806288226702,-0.441560413762237,1.00105219281831,-0.441096295408026,0.659143285336206,0.734339667264044,"NS"
"ENSG00000056487",24.3487812075164,0.196272164926651,0.455458673772864,0.430932983009851,0.666517100188719,0.741233429925177,"NS"
"ENSG00000099974",5.15708650477672,-0.399706766231118,0.937849559690916,-0.426194971358571,0.669965781424138,0.743745316856281,"NS"
"ENSG00000159496",1.98172464362581,-0.78394008590249,1.87173256933393,-0.418831246913368,0.675339466844469,0.748381501379066,"NS"
"ENSG00000100348",86.9524226107713,-0.104868863512767,0.2563074786971,-0.409152569584986,0.682427699349552,0.754897897510566,"NS"
"ENSG00000275004",84.0498002028709,-0.0975355977573913,0.247750873558959,-0.393684172960867,0.693814227835025,0.760761214731387,"NS"
"ENSG00000183762",113.611012855992,0.0867456156105372,0.219177289167891,0.395778303216851,0.692268584173737,0.760761214731387,"NS"
"ENSG00000273387",5.05854220213213,0.382543432179743,0.959314944351236,0.398767302054747,0.690064672117727,0.760761214731387,"NS"
"ENSG00000128298",11.9564430252022,-0.276795411703553,0.702533638747109,-0.393995954695048,0.693584025873075,0.760761214731387,"NS"
"ENSG00000205560",7.28064416636577,-0.309387168319047,0.785255097230614,-0.393995746618103,0.693584179495871,0.760761214731387,"NS"
"ENSG00000273442",2.57510096854112,0.556769292493813,1.50766398163656,0.369292693382143,0.711909571104864,0.778103688300216,"NS"
"ENSG00000075240",212.759569443151,0.0606787896788101,0.16443684235764,0.369009698853482,0.712120495532357,0.778103688300216,"NS"
"ENSG00000235568",15.7366249159974,0.20927505809876,0.569975446909353,0.367165040588217,0.71349591452575,0.778245980067353,"NS"
"ENSG00000202058",628.796990936706,0.139740763967903,0.389744528162391,0.358544517935295,0.719935858746204,0.78390228522017,"NS"
"ENSG00000187051",176.570551747715,0.0570088799964828,0.162200834964844,0.351470940385967,0.725235069799607,0.788298988912616,"NS"
"ENSG00000128346",4.80878119335818,-0.375431274198831,1.10447146175348,-0.339919397829246,0.733917228184838,0.794985503188143,"NS"
"ENSG00000100425",244.218393132413,-0.0466558541386262,0.137262817767238,-0.339901620100371,0.733930616543294,0.794985503188143,"NS"
"ENSG00000243762",5.05270282828777,-0.308770506567099,0.957445402978042,-0.322494113613892,0.747078396416452,0.807826985744434,"NS"
"ENSG00000100211",50.1182804898466,-0.0996167309570726,0.311273379024532,-0.320029715580726,0.748945804436069,0.808447543648606,"NS"
"ENSG00000241527",2.12922062362628,0.487164103577338,1.53169865624034,0.31805479595648,0.750443372080921,0.808667426811337,"NS"
"ERCC-00162",63.8018859494452,-0.0844502844631851,0.283903451482422,-0.297461281369501,0.766114363857041,0.82413335182556,"NS"
"ENSG00000229107",2.74569939504876,0.431092302469301,1.52665221611171,0.282377543437671,0.777654032382757,0.835109570857772,"NS"
"ERCC-00158",1.93002352810806,-0.470936727666682,1.68711040155411,-0.279138061879573,0.780138874384534,0.836340988834192,"NS"
"ENSG00000128283",183.837852921081,-0.0473611368930429,0.179772972196234,-0.263449707230434,0.792203982451817,0.846597058536046,"NS"
"ENSG00000230922",4.95189603386151,-0.291220432441801,1.10656106787386,-0.263176105591127,0.792414846789739,0.846597058536046,"NS"
"ENSG00000278948",39.13428908152,0.0958536614954104,0.380638343397516,0.25182345173068,0.801177529488505,0.854498218311119,"NS"
"ENSG00000230769",3.5937406219919,0.296207663804837,1.18982584585285,0.248950436601517,0.803399120386719,0.855407922047188,"NS"
"ENSG00000177989",11.8399360724433,-0.155139281130664,0.63251187921067,-0.24527488926258,0.806243593468966,0.856976608704258,"NS"
"ENSG00000100350",228.221625407607,-0.0400488045882691,0.173974910946136,-0.230198735958361,0.817937344044867,0.86793011889311,"NS"
"ENSG00000185065",5.91895878508672,0.215054168632743,0.989139812376242,0.217415340017618,0.827884677502549,0.875512560810648,"NS"
"ENSG00000232710",1.65190302527687,-0.422892928280383,1.93808002325194,-0.218201995380358,0.82727173045191,0.875512560810648,"NS"
"ENSG00000099994",19.1117320914078,-0.102338400638106,0.499979908087208,-0.204685026303609,0.837818220002308,0.884116965986557,"NS"
"ENSG00000196576",610.597437735592,0.018634899477705,0.0916330199168732,0.203364458517356,0.838850177328045,0.884116965986557,"NS"
"ENSG00000242876",1.79983712464479,0.341139108907657,1.90240452768686,0.179319962680308,0.857686472948498,0.902447888203386,"NS"
"ENSG00000184076",222.831364519046,-0.028126898516572,0.160257465144751,-0.175510691443713,0.860678370614538,0.902521527282817,"NS"
"ENSG00000100227",348.324662905241,0.0209835079491399,0.118311362489501,0.177358349254087,0.859226921091606,0.902521527282817,"NS"
"ENSG00000273192",3.93916972014289,-0.206661979226155,1.18965339033825,-0.173716126818582,0.862088562860547,0.902521527282817,"NS"
"ENSG00000184470",121.172624222133,-0.0340159368940334,0.206247189043213,-0.164928002421921,0.869000651466582,0.908236466833802,"NS"
"ERCC-00150",3.23152724954685,-0.231489363110174,1.43144007139284,-0.161717816719304,0.871528073514288,0.909357338808732,"NS"
"ENSG00000184208",82.3570447581324,-0.0370835063589343,0.236587552259229,-0.156743269055431,0.875447184756449,0.911924150787967,"NS"
"ENSG00000054611",106.176777398036,-0.0305325171936544,0.209298929052453,-0.14587994946693,0.884016160253292,0.919317970313324,"NS"
"ENSG00000224003",8.6106354121861,0.104304571026154,0.725021825950346,0.143864042836826,0.885607829917684,0.919443345014207,"NS"
"ENSG00000272578",10.7226897171519,-0.0917477607088684,0.663887283802011,-0.138197797950638,0.890084095380399,0.921030727835678,"NS"
"ENSG00000188064",17.611657192183,0.0722154223132545,0.522125840356313,0.138310377942553,0.889995123928007,0.921030727835678,"NS"
"ENSG00000205643",29.5229651980303,0.0479138392601106,0.406742916463365,0.117798828991841,0.906227057417322,0.936184976670787,"NS"
"ENSG00000185837",2.09990408390398,-0.166236641866909,1.51216515705816,-0.109932860898815,0.912462621248642,0.938297172319339,"NS"
"ENSG00000266533",2.94299873971429,0.134154424647441,1.21016427593048,0.11085637488703,0.911730240100299,0.938297172319339,"NS"
"ERCC-00039",4.17762567985724,-0.117282218414059,1.07069529504534,-0.109538370960238,0.912775489232253,0.938297172319339,"NS"
"ENSG00000236670",7.86915260438947,0.0869642352831699,0.834016787778504,0.104271564502687,0.916953843120294,0.941044584483061,"NS"
"ENSG00000280383",36.1405914395735,0.0395174983444099,0.390203276894312,0.10127413244434,0.919332849919475,0.941939395409298,"NS"
"ENSG00000234409",2.46606616985942,-0.103484219292506,1.31920146350932,-0.0784445910310156,0.937474404274125,0.958954996188753,"NS"
"ENSG00000100154",213.085465143391,-0.0135102026007368,0.176981652465875,-0.0763367411960503,0.939151195861556,0.959100485969726,"NS"
"ENSG00000273311",20.7517422722039,0.0389018324046305,0.523883579511555,0.0742566362566674,0.940806180979306,0.959223267719521,"NS"
"ENSG00000183530",566.072589729695,0.00571147007081536,0.0911689902670368,0.0626470695143852,0.950047546950083,0.967067942742348,"NS"
"ENSG00000189269",3.15811113909519,0.0688206430839856,1.30516115344329,0.052729613429286,0.957947343736002,0.972413817875558,"NS"
"ENSG00000237406",5.8899219967087,0.0448079687389837,0.859252206306438,0.0521476330350018,0.95841105889815,0.972413817875558,"NS"
"ENSG00000167077",4.93647711765828,-0.0501171097944896,1.01052495936773,-0.0495951231386179,0.960445033022964,0.972898129075126,"NS"
"ENSG00000100288",7.01832429799469,0.0335097863441135,0.803594142916983,0.0416998887304923,0.966737942665691,0.97768804881239,"NS"
"ENSG00000272829",2.22137263527282,0.0327108723783642,1.44243757328312,0.0226774960554523,0.981907526765476,0.991420235303929,"NS"
"ENSG00000226085",9.30524299478264,0.01613839101157,0.779816802718658,0.0206951055110727,0.983488873421498,0.991420235303929,"NS"
"ENSG00000272940",2.33021680435891,0.0258591421011263,1.44401400490226,0.0179078194625105,0.985712390986183,0.992061585131022,"NS"
"ERCC-00148",4.88043122420109,0.0132189547276667,1.15764631323728,0.0114188198731449,0.990889297910961,0.995668506743329,"NS"
"ENSG00000236754",1.77307382723189,-0.0181123174635527,1.92875905999801,-0.00939065839751461,0.992507448770115,0.995693668509345,"NS"
"ENSG00000240591",1.67985388079879,0.00724579379411578,1.76880190467012,0.004096441650693,0.996731521593984,0.996731521593984,"NS"
"ENSG00000100294",55.2345555263102,-0.0013627138792364,0.282762501239278,-0.00481928782375303,0.996154779535918,0.996731521593984,"NS"
