Geneid,UHR_Rep1,UHR_Rep2,UHR_Rep3,HBR_Rep1,HBR_Rep2,HBR_Rep3
ENSG00000236235,0,0,1,0,0,0
ENSG00000279442,0,4,0,0,0,0
ENSG00000184624,0,2,0,0,0,0
ENSG00000236097,0,1,0,0,0,0
ENSG00000237299,0,1,0,0,0,0
ENSG00000235759,0,4,0,0,0,0
ENSG00000233408,0,2,0,0,0,0
ENSG00000215268,0,4,0,0,0,0
ENSG00000230471,0,2,0,0,0,0
ENSG00000231565,0,2,1,0,0,0
ENSG00000224435,2,3,1,0,0,0
ENSG00000234381,0,0,1,0,0,0
ENSG00000198062,12,12,22,0,0,2
ENSG00000236666,0,4,0,0,0,0
ENSG00000241838,3,2,4,0,0,0
ENSG00000225255,5,0,0,0,0,0
ENSG00000235992,0,2,0,0,0,0
ENSG00000206195,368,299,332,20,7,15
ENSG00000271127,32,18,38,0,2,0
ENSG00000272872,187,74,95,7,4,0
ENSG00000223875,8,6,0,0,0,0
ENSG00000233866,0,2,0,0,0,0
ENSG00000225293,0,2,0,0,0,0
ENSG00000229658,0,2,0,0,0,0
ENSG00000227367,0,1,0,0,0,0
ENSG00000239435,4,2,2,0,0,0
ENSG00000198445,2,0,0,0,0,0
ENSG00000100181,230,151,187,36,32,30
ENSG00000283633,21,18,27,2,6,4
ENSG00000267338,5,8,4,0,0,2
ENSG00000249288,0,0,1,0,0,0
ENSG00000189295,1,0,0,0,0,0
ENSG00000241717,0,2,0,4,4,8
ENSG00000172967,5,8,14,0,0,0
ENSG00000220248,2,0,0,0,0,0
ENSG00000237689,5,0,2,2,4,4
ENSG00000254264,0,1,0,0,0,0
ENSG00000280156,0,32,2,2,2,2
ENSG00000237438,58,55,46,42,52,57
ENSG00000273203,6,5,8,14,12,8
ENSG00000273442,0,3,4,0,4,4
ENSG00000177663,187,139,164,116,129,115
ENSG00000183307,18,10,8,52,90,61
ENSG00000235478,0,0,0,4,6,2
ENSG00000069998,252,163,278,58,85,66
ENSG00000185837,3,3,2,0,1,4
ENSG00000093072,75,54,44,56,54,58
ENSG00000203416,0,0,0,0,2,0
ENSG00000241832,0,2,0,0,0,2
ENSG00000099954,236,160,196,227,173,237
ENSG00000229492,0,2,2,1,8,1
ENSG00000182902,3,6,12,200,224,161
ENSG00000236754,2,4,0,4,0,0
ENSG00000131100,495,359,406,787,906,797
ENSG00000099968,481,321,392,413,557,522
ENSG00000015475,209,132,206,82,84,99
ENSG00000264757,0,0,1,0,0,0
ENSG00000269220,2,4,8,0,0,0
ENSG00000243156,410,268,379,653,844,828
ENSG00000093100,2,4,2,9,11,16
ENSG00000207780,0,0,0,0,0,7
ENSG00000235445,4,2,2,4,12,4
ENSG00000234913,2,4,4,4,18,7
ENSG00000237446,0,0,2,0,0,0
ENSG00000235295,0,2,0,0,0,0
ENSG00000225335,2,4,4,4,6,8
ENSG00000215193,422,280,384,297,369,285
ENSG00000225225,0,2,0,0,0,0
ENSG00000183785,4,3,0,30,41,37
ENSG00000280007,8,16,2,2,6,0
ENSG00000184979,51,24,36,6,11,4
ENSG00000278558,0,4,4,2,2,6
ENSG00000274602,113,63,61,34,23,42
ENSG00000275793,4,4,12,2,4,0
ENSG00000197421,0,0,2,0,0,0
ENSG00000234764,6,0,0,0,0,0
ENSG00000161103,2,2,2,0,0,0
ENSG00000215544,0,0,0,0,0,1
ENSG00000183628,35,28,29,133,180,152
ENSG00000100033,99,62,96,232,282,275
ENSG00000279560,4,1,4,0,0,0
ENSG00000280418,0,0,0,0,2,0
ENSG00000237517,14,10,11,270,335,271
ENSG00000283406,0,0,0,10,12,21
ENSG00000283366,0,0,0,28,24,25
ENSG00000273032,7,1,6,88,90,87
ENSG00000270393,2,2,4,0,2,0
ENSG00000273164,0,0,0,16,9,17
ENSG00000241527,1,3,2,4,2,0
ENSG00000070413,607,346,539,601,694,614
ENSG00000273311,37,12,29,8,20,26
ENSG00000237347,0,2,0,0,0,0
ENSG00000281530,4,4,9,4,2,13
ENSG00000223461,0,0,0,0,0,1
ENSG00000272682,0,3,0,0,1,0
ENSG00000231086,0,2,2,3,0,0
ENSG00000100056,165,85,136,99,111,85
ENSG00000206203,0,0,2,0,0,0
ENSG00000260924,21,16,22,6,2,6
ENSG00000100075,441,268,421,61,96,72
ENSG00000070371,193,118,151,62,78,69
ENSG00000230194,0,2,0,0,0,2
ENSG00000100084,107,57,69,37,30,19
ENSG00000242259,194,171,173,124,147,149
ENSG00000185608,215,131,165,56,67,58
ENSG00000185065,2,12,4,6,8,2
ENSG00000070010,492,346,359,86,138,111
ENSG00000273300,5,2,2,2,0,0
ENSG00000273212,0,0,2,0,0,0
ENSG00000093009,442,293,347,1,0,0
ENSG00000184113,0,2,0,120,172,114
ENSG00000184702,272,188,211,926,1224,1059
ENSG00000184058,12,16,13,2,0,4
ENSG00000185838,78,70,60,27,32,14
ENSG00000235776,0,0,2,0,0,0
ENSG00000215012,416,293,330,165,246,191
ENSG00000184470,171,129,147,110,107,83
ENSG00000232926,4,3,0,0,0,2
ENSG00000093010,416,226,355,171,210,172
ENSG00000099889,156,68,100,274,304,261
ENSG00000183597,213,117,124,108,152,134
ENSG00000277950,0,2,0,0,0,1
ENSG00000128191,549,350,463,157,205,139
ENSG00000243762,8,8,4,5,2,4
ENSG00000099899,374,175,282,103,149,92
ENSG00000099901,1173,798,951,104,146,139
ENSG00000099904,221,160,159,181,181,180
ENSG00000234409,2,3,4,1,2,3
ENSG00000249923,0,0,0,0,2,6
ENSG00000236499,6,2,8,0,6,0
ENSG00000040608,37,20,22,145,184,166
ENSG00000221039,0,0,0,1,5,0
ENSG00000161132,0,1,0,0,4,0
ENSG00000128185,191,91,169,90,83,74
ENSG00000273343,4,2,7,3,4,6
ENSG00000273139,4,0,4,6,6,4
ENSG00000188280,2,2,0,0,0,0
ENSG00000235578,2,0,0,0,0,0
ENSG00000161133,6,1,0,0,0,0
ENSG00000185252,220,154,180,74,80,84
ENSG00000244486,57,35,68,15,10,4
ENSG00000099910,147,96,117,116,155,149
ENSG00000242876,2,0,4,0,0,5
ENSG00000236670,8,3,17,10,6,4
ENSG00000099917,526,302,421,191,231,183
ENSG00000223553,2,5,2,4,6,3
ENSG00000276427,0,2,0,0,0,0
ENSG00000229107,0,2,6,0,2,6
ENSG00000217261,0,2,0,0,0,0
ENSG00000226287,0,0,8,8,13,8
ENSG00000241973,837,638,770,2193,2383,2145
ENSG00000099937,304,200,234,2,4,0
ENSG00000099940,261,175,183,86,117,105
ENSG00000099942,1512,961,1225,684,840,731
ENSG00000237476,2,9,0,10,0,2
ENSG00000183773,12,20,20,159,170,188
ENSG00000099949,572,347,432,238,310,225
ENSG00000272829,3,3,2,0,4,2
ENSG00000184436,190,146,174,70,111,79
ENSG00000230513,17,0,6,9,7,4
ENSG00000161149,24,18,18,12,14,24
ENSG00000099957,44,29,53,38,32,32
ENSG00000099960,2,0,2,40,54,34
ENSG00000226872,0,1,0,0,0,2
ENSG00000206145,2,2,2,9,4,2
ENSG00000187905,1,0,2,0,3,4
ENSG00000169668,0,1,0,0,2,0
ENSG00000215498,0,2,0,0,0,0
ENSG00000133475,6,2,0,0,0,2
ENSG00000206142,0,0,0,0,0,2
ENSG00000274600,0,0,4,0,2,0
ENSG00000169635,417,212,279,55,50,55
ENSG00000206140,0,4,0,3,4,14
ENSG00000183506,182,106,106,64,68,45
ENSG00000183246,0,2,0,0,0,0
ENSG00000185651,932,609,681,413,479,392
ENSG00000161179,307,164,248,33,52,48
ENSG00000161180,10,4,4,4,0,2
ENSG00000273342,2,2,2,0,0,0
ENSG00000128228,101,67,87,10,28,6
ENSG00000207751,14,6,16,2,3,0
ENSG00000272954,6,7,2,0,0,0
ENSG00000100023,475,286,431,130,132,145
ENSG00000100027,66,34,41,123,194,142
ENSG00000244671,2,1,0,1,0,1
ENSG00000100030,1671,995,1325,1476,1902,1798
ENSG00000200985,0,1,0,0,0,0
ENSG00000225544,2,0,2,0,2,2
ENSG00000100034,484,321,392,177,233,239
ENSG00000224086,14,24,12,26,52,24
ENSG00000100038,370,323,338,82,106,111
ENSG00000253239,0,1,0,0,0,0
ENSG00000253794,0,1,0,0,0,0
ENSG00000253752,0,2,0,0,0,0
ENSG00000253823,0,2,0,0,0,0
ENSG00000211640,2,0,0,0,0,0
ENSG00000253935,0,1,0,0,0,0
ENSG00000228050,2,0,4,0,1,0
ENSG00000169575,2,0,2,0,0,0
ENSG00000279278,0,4,0,0,0,0
ENSG00000274422,4,9,0,3,0,2
ENSG00000236850,10,1,3,6,2,10
ENSG00000272779,14,6,14,10,17,3
ENSG00000211643,0,0,0,1,2,4
ENSG00000211644,0,1,0,1,4,1
ENSG00000211645,0,0,0,2,6,0
ENSG00000223350,0,1,0,0,0,0
ENSG00000211653,0,1,0,0,0,0
ENSG00000211655,0,2,0,0,0,0
ENSG00000230821,0,2,0,0,0,0
ENSG00000226595,0,2,0,0,0,0
ENSG00000275004,126,106,84,55,74,76
ENSG00000169548,22,20,27,0,0,0
ENSG00000185686,1636,931,1208,0,0,0
ENSG00000220891,2,2,0,0,0,0
ENSG00000183169,0,2,0,0,0,0
ENSG00000100121,0,2,0,0,0,0
ENSG00000253338,0,2,0,0,0,0
ENSG00000211659,0,2,0,0,0,0
ENSG00000211663,0,2,0,0,0,0
ENSG00000211666,85,68,76,0,0,0
ENSG00000211670,0,2,0,0,0,0
ENSG00000237127,0,2,0,0,0,0
ENSG00000211677,1929,1192,1430,1,0,0
ENSG00000211679,1630,1005,1223,0,0,0
ENSG00000211681,0,1,0,0,0,0
ENSG00000222037,1,1,2,0,0,0
ENSG00000211685,17,7,9,0,0,0
ENSG00000223679,2,0,0,0,0,0
ENSG00000100218,2,0,0,8,14,9
ENSG00000128266,68,34,54,464,523,452
ENSG00000283438,0,0,0,2,0,0
ENSG00000100228,35,25,26,53,57,63
ENSG00000186716,650,398,525,452,708,599
ENSG00000236794,0,0,1,0,2,0
ENSG00000230701,16,10,20,4,7,8
ENSG00000236611,0,0,0,0,0,2
ENSG00000215478,0,0,0,3,4,0
ENSG00000133519,1,2,6,41,34,28
ENSG00000234928,0,2,0,0,0,0
ENSG00000227755,2,3,2,0,2,0
ENSG00000178248,0,1,0,0,0,0
ENSG00000280623,387,290,351,0,0,2
ENSG00000128322,1,0,4,0,0,0
ENSG00000272733,0,2,0,2,6,1
ENSG00000189269,0,6,4,3,3,2
ENSG00000211683,0,0,2,0,5,0
ENSG00000228315,1,0,2,1,0,0
ENSG00000234353,2,7,2,0,0,0
ENSG00000244723,7,6,6,2,1,3
ENSG00000273000,0,0,1,0,0,1
ENSG00000272578,20,13,8,7,7,12
ENSG00000159496,0,6,2,0,4,0
ENSG00000187792,159,94,81,51,96,64
ENSG00000128218,0,0,2,0,0,0
ENSG00000169314,0,2,4,0,0,0
ENSG00000250479,98,78,99,90,116,77
ENSG00000099953,74,40,54,4,2,4
ENSG00000280178,0,0,0,1,0,0
ENSG00000099956,332,259,273,138,153,120
ENSG00000099958,146,80,136,4,2,7
ENSG00000272973,4,0,4,0,12,3
ENSG00000133460,56,66,60,106,117,90
ENSG00000279467,0,4,0,0,0,0
ENSG00000240972,259,151,255,65,79,62
ENSG00000218537,11,14,14,2,0,6
ENSG00000273295,57,40,49,20,24,22
ENSG00000225282,0,2,2,0,0,0
ENSG00000133433,12,7,12,6,4,6
ENSG00000099974,10,4,8,4,2,5
ENSG00000272787,2,3,4,0,2,0
ENSG00000099977,143,105,158,45,41,35
ENSG00000099984,2,0,0,0,0,0
ENSG00000276950,0,2,2,0,0,0
ENSG00000235689,0,1,0,0,0,0
ENSG00000099991,991,564,732,552,629,604
ENSG00000232545,22,15,18,21,18,10
ENSG00000099994,22,28,20,16,16,14
ENSG00000099998,18,4,4,43,61,45
ENSG00000128262,0,3,0,2,2,4
ENSG00000100014,304,160,195,125,154,138
ENSG00000258555,0,2,2,0,2,1
ENSG00000128271,7,0,0,5,10,3
ENSG00000178803,0,6,0,0,0,0
ENSG00000100024,2,14,3,0,2,4
ENSG00000228923,0,2,0,0,0,0
ENSG00000138867,771,434,581,122,124,121
ENSG00000100028,581,413,505,138,175,192
ENSG00000100031,161,74,116,16,28,21
ENSG00000178026,40,39,44,36,51,46
ENSG00000215481,9,10,15,4,2,4
ENSG00000224334,0,2,0,0,0,0
ENSG00000184571,2,3,0,0,0,0
ENSG00000167037,9,9,14,288,362,311
ENSG00000197077,326,197,292,261,321,268
ENSG00000279085,0,4,0,0,0,0
ENSG00000279110,0,4,0,0,0,0
ENSG00000203280,0,0,0,1,3,6
ENSG00000100053,1,0,0,0,2,2
ENSG00000236641,0,0,0,0,1,0
ENSG00000244752,0,6,0,0,2,0
ENSG00000230637,0,0,0,0,1,0
ENSG00000231466,8,4,2,0,1,4
ENSG00000100068,78,42,51,14,9,9
ENSG00000272942,2,2,2,0,0,0
ENSG00000100058,101,66,103,41,46,41
ENSG00000272977,23,16,8,20,34,21
ENSG00000234884,2,2,0,0,0,0
ENSG00000100077,338,252,253,407,565,520
ENSG00000237387,0,2,0,0,0,0
ENSG00000224003,18,6,8,5,10,8
ENSG00000133454,164,158,132,0,0,0
ENSG00000231933,0,4,0,0,0,0
ENSG00000223056,0,2,0,0,0,0
ENSG00000236464,0,2,0,0,0,0
ENSG00000229770,0,0,1,2,0,0
ENSG00000100095,31,28,43,797,1014,923
ENSG00000128203,38,22,44,113,146,188
ENSG00000100099,620,390,507,228,345,361
ENSG00000100104,173,125,148,97,114,130
ENSG00000100109,338,180,215,133,179,107
ENSG00000261188,52,26,34,28,46,24
ENSG00000128294,166,83,169,75,76,74
ENSG00000221760,2,0,0,0,0,0
ENSG00000213707,18,20,12,2,4,4
ENSG00000100122,5,5,8,4,0,2
ENSG00000196431,0,2,2,2,0,0
ENSG00000225783,121,84,110,1071,1222,1199
ENSG00000206028,0,0,2,0,0,0
ENSG00000244625,16,21,23,4,10,16
ENSG00000223704,6,9,4,4,6,10
ENSG00000235271,0,2,0,0,2,1
ENSG00000279440,0,4,0,0,0,0
ENSG00000236858,0,0,0,2,0,0
ENSG00000280025,0,4,0,0,0,0
ENSG00000231405,0,2,0,0,0,0
ENSG00000233521,4,2,5,2,0,0
ENSG00000226741,0,4,0,0,0,0
ENSG00000230051,0,0,0,1,5,2
ENSG00000280445,2,0,0,0,0,0
ENSG00000224027,0,2,0,0,0,0
ENSG00000227838,4,1,2,0,0,0
ENSG00000169184,242,182,247,88,68,62
ENSG00000180957,214,161,162,154,179,126
ENSG00000235954,79,83,68,79,116,117
ENSG00000283225,1,0,1,1,0,0
ENSG00000100154,377,211,212,158,237,146
ENSG00000239249,0,0,0,2,0,0
ENSG00000266503,0,0,1,0,0,0
ENSG00000183765,187,160,191,2,10,5
ENSG00000100209,85,54,38,17,17,24
ENSG00000159873,516,350,347,134,149,115
ENSG00000100219,2150,1271,1520,130,191,155
ENSG00000226471,16,17,29,6,12,4
ENSG00000272858,8,6,4,1,0,0
ENSG00000183579,194,171,164,191,208,203
ENSG00000235786,7,5,4,2,12,5
ENSG00000183762,150,114,138,100,124,72
ENSG00000200871,0,0,0,2,0,0
ENSG00000186998,21,10,14,22,38,55
ENSG00000100263,155,113,128,46,76,57
ENSG00000237015,1,0,0,1,1,0
ENSG00000182944,1824,1330,1655,674,701,712
ENSG00000185340,63,44,68,146,153,130
ENSG00000100276,0,2,0,16,52,34
ENSG00000273216,2,1,0,0,0,2
ENSG00000100280,702,472,531,443,531,505
ENSG00000278292,0,1,0,0,0,0
ENSG00000225465,12,4,2,349,347,359
ENSG00000282816,0,0,0,1,3,0
ENSG00000100285,52,46,42,387,516,490
ENSG00000100296,427,264,290,145,242,127
ENSG00000234208,1,3,0,0,0,1
ENSG00000184117,559,363,448,198,250,228
ENSG00000186575,895,605,697,404,541,473
ENSG00000233010,4,0,6,4,8,2
ENSG00000232396,0,0,0,0,2,0
ENSG00000100314,4,2,10,42,53,58
ENSG00000100319,88,55,43,40,36,24
ENSG00000184076,372,193,274,164,186,206
ENSG00000100325,276,176,249,66,82,73
ENSG00000100330,436,262,318,441,540,495
ENSG00000279159,12,23,2,4,10,4
ENSG00000275818,0,0,1,0,0,0
ENSG00000227117,0,0,0,2,0,0
ENSG00000227201,0,2,0,0,0,0
ENSG00000176635,2,0,0,0,0,0
ENSG00000128342,311,197,216,4,6,6
ENSG00000099985,0,0,2,0,0,1
ENSG00000279699,0,2,2,3,6,0
ENSG00000239282,2,0,1,8,9,4
ENSG00000099992,66,53,70,22,28,26
ENSG00000099995,765,512,588,367,474,365
ENSG00000187860,17,17,9,6,34,19
ENSG00000099999,123,78,101,113,131,87
ENSG00000100003,51,34,47,93,133,118
ENSG00000273350,0,2,0,2,10,2
ENSG00000222915,0,0,0,0,2,0
ENSG00000272689,7,8,4,0,3,2
ENSG00000242114,4,7,4,0,0,0
ENSG00000273428,1,0,0,0,0,0
ENSG00000230137,2,0,0,0,0,0
ENSG00000133488,5,2,8,0,0,2
ENSG00000214491,5,11,10,8,24,4
ENSG00000128242,7,6,7,38,36,37
ENSG00000100029,537,402,503,127,158,138
ENSG00000185339,111,95,83,38,51,46
ENSG00000100036,42,30,26,38,70,60
ENSG00000167065,37,27,18,16,22,28
ENSG00000250318,5,0,2,2,1,0
ENSG00000184792,199,95,161,232,262,183
ENSG00000264661,0,0,0,2,0,0
ENSG00000237977,6,10,9,2,8,17
ENSG00000235989,0,3,0,0,8,4
ENSG00000133422,328,207,319,165,185,116
ENSG00000253352,1308,819,901,438,514,478
ENSG00000269987,2,2,0,0,0,0
ENSG00000278920,4,8,2,0,0,0
ENSG00000183963,288,186,285,70,82,71
ENSG00000273387,6,4,6,8,4,2
ENSG00000198832,48,34,34,166,170,149
ENSG00000185133,10,13,26,117,153,115
ENSG00000100078,26,19,16,0,2,0
ENSG00000138942,235,189,212,129,226,161
ENSG00000254835,0,2,0,0,0,0
ENSG00000182541,209,130,177,111,151,115
ENSG00000100100,85,48,57,217,318,249
ENSG00000228839,0,1,2,1,3,4
ENSG00000100105,379,224,271,142,146,120
ENSG00000213888,14,18,8,22,27,26
ENSG00000185721,369,283,298,161,210,190
ENSG00000184708,153,126,134,185,202,185
ENSG00000240591,3,3,0,2,0,2
ENSG00000199248,0,2,2,1,0,0
ENSG00000198089,248,177,251,213,218,200
ENSG00000214093,8,2,6,0,2,1
ENSG00000241878,299,183,210,384,498,476
ENSG00000183530,830,579,664,433,535,464
ENSG00000100150,152,96,124,101,154,140
ENSG00000242251,1,2,2,0,0,0
ENSG00000236132,0,2,0,0,0,0
ENSG00000128254,2,2,0,0,7,4
ENSG00000128245,675,445,591,2057,2718,2296
ENSG00000100170,0,4,0,0,0,0
ENSG00000239674,2,0,0,0,0,0
ENSG00000205856,0,1,0,0,4,0
ENSG00000128253,2,0,0,16,4,21
ENSG00000279219,1,0,0,0,0,0
ENSG00000254127,0,0,1,0,0,0
ENSG00000242082,4,4,0,8,12,5
ENSG00000100191,20,13,7,5,2,2
ENSG00000214076,10,13,19,80,84,82
ENSG00000224050,0,0,0,1,2,5
ENSG00000273325,1,0,0,0,4,0
ENSG00000234626,1,0,0,0,0,0
ENSG00000205853,0,2,6,5,8,3
ENSG00000100220,672,359,490,217,298,248
ENSG00000184459,0,2,0,0,0,0
ENSG00000100225,853,741,735,323,354,393
ENSG00000185666,21,19,17,142,217,157
ENSG00000236054,0,2,2,0,0,0
ENSG00000100234,1596,970,1196,382,508,468
ENSG00000133424,164,109,164,347,422,399
ENSG00000266012,0,0,0,1,0,0
ENSG00000232081,0,0,1,0,0,0
ENSG00000224973,0,3,0,0,0,0
ENSG00000273082,3,0,0,0,0,0
ENSG00000236052,0,2,0,0,0,0
ENSG00000224404,0,0,0,0,2,4
ENSG00000280356,6,4,4,0,0,0
ENSG00000234891,0,2,0,3,3,0
ENSG00000237316,0,0,0,0,0,2
ENSG00000227895,4,0,1,1,0,0
ENSG00000175329,2,6,2,0,0,0
ENSG00000233080,5,5,7,0,0,0
ENSG00000279184,2,14,0,0,0,0
ENSG00000243453,1,0,1,0,0,0
ENSG00000100281,240,196,201,63,87,92
ENSG00000273176,0,0,0,0,0,2
ENSG00000100284,162,101,135,192,231,205
ENSG00000266320,2,2,0,2,0,0
ENSG00000282602,2,0,0,0,0,0
ENSG00000100292,163,101,160,26,37,26
ENSG00000100297,1070,571,881,56,63,68
ENSG00000233388,6,0,8,0,0,0
ENSG00000100302,28,25,32,110,161,119
ENSG00000198125,18,14,16,0,2,0
ENSG00000268818,0,1,0,0,0,0
ENSG00000221963,662,390,508,128,108,112
ENSG00000100320,1030,724,811,1229,1462,1404
ENSG00000237406,8,7,6,6,6,3
ENSG00000279652,2,2,0,0,0,0
ENSG00000279217,0,6,0,0,0,0
ENSG00000279805,0,1,0,2,0,2
ENSG00000128284,71,60,37,14,10,21
ENSG00000237948,0,2,0,0,0,0
ENSG00000229088,0,2,0,0,0,0
ENSG00000100336,18,8,8,20,10,14
ENSG00000128335,282,212,223,221,297,264
ENSG00000100342,164,124,147,8,18,12
ENSG00000100345,5311,3175,4177,880,1004,946
ENSG00000278420,1,1,0,0,0,0
ENSG00000223695,4,0,0,2,3,1
ENSG00000228719,0,0,0,0,0,6
ENSG00000100348,162,97,77,54,82,77
ENSG00000100350,427,204,241,146,215,211
ENSG00000100353,1472,975,1253,200,233,259
ENSG00000188078,0,0,2,0,0,0
ENSG00000261675,0,0,0,82,112,87
ENSG00000166862,0,0,0,66,68,96
ENSG00000234688,0,0,0,6,4,8
ENSG00000100360,152,102,115,105,110,111
ENSG00000100362,46,34,30,199,253,202
ENSG00000234979,0,0,0,2,0,0
ENSG00000100365,48,36,32,6,14,2
ENSG00000100368,98,77,78,4,7,8
ENSG00000232254,0,2,0,0,0,0
ENSG00000215403,0,1,0,0,0,0
ENSG00000128311,176,120,100,35,42,35
ENSG00000128309,262,148,224,68,58,66
ENSG00000100379,64,40,27,92,148,144
ENSG00000187045,8,4,6,0,0,0
ENSG00000100385,12,8,8,2,0,0
ENSG00000235237,2,0,0,0,0,0
ENSG00000133466,187,129,146,16,14,20
ENSG00000278195,28,22,24,60,72,96
ENSG00000128340,220,151,182,15,16,10
ENSG00000100055,42,36,23,26,35,28
ENSG00000243902,0,0,0,4,8,6
ENSG00000237862,2,4,0,2,3,2
ENSG00000166897,40,26,54,229,293,240
ENSG00000272694,0,1,0,0,0,0
ENSG00000100060,147,57,93,8,10,12
ENSG00000100065,186,137,143,4,9,10
ENSG00000225867,0,0,0,2,1,0
ENSG00000128283,286,157,251,133,200,128
ENSG00000100079,4,2,2,0,0,0
ENSG00000273866,0,1,0,0,0,0
ENSG00000100083,593,377,430,223,292,242
ENSG00000100092,166,93,115,41,33,40
ENSG00000233360,8,2,2,0,0,0
ENSG00000241360,2,2,2,6,12,10
ENSG00000241333,0,0,0,0,2,0
ENSG00000100097,1430,877,1219,150,179,152
ENSG00000273899,53,28,36,17,19,26
ENSG00000100106,406,246,320,81,58,61
ENSG00000189060,502,325,372,208,290,219
ENSG00000100116,147,107,104,68,54,63
ENSG00000128310,0,2,0,1,0,2
ENSG00000100124,183,96,153,61,98,104
ENSG00000207696,1,0,0,0,0,0
ENSG00000100129,1373,887,1184,380,438,400
ENSG00000279738,90,59,40,23,46,27
ENSG00000100139,294,190,228,101,125,123
ENSG00000278948,53,45,40,22,58,25
ENSG00000128346,8,4,8,8,2,0
ENSG00000279010,173,130,123,268,305,244
ENSG00000100142,24,15,14,27,56,30
ENSG00000100146,237,151,182,184,271,232
ENSG00000222044,0,6,0,0,0,0
ENSG00000273214,0,2,0,0,0,2
ENSG00000100151,95,67,118,167,162,167
ENSG00000100156,0,2,0,2,6,3
ENSG00000128298,25,11,14,2,20,7
ENSG00000272720,7,4,2,20,4,6
ENSG00000184381,201,118,130,146,140,162
ENSG00000279080,0,10,0,0,0,0
ENSG00000185022,188,116,134,59,50,38
ENSG00000198792,387,287,341,415,480,435
ENSG00000213923,1156,664,877,460,450,431
ENSG00000244627,52,43,42,19,23,17
ENSG00000229955,9,6,4,3,0,2
ENSG00000168135,4,0,6,130,162,116
ENSG00000100196,171,166,154,4,4,2
ENSG00000100201,5605,3605,4471,3061,3586,3258
ENSG00000100206,28,21,16,4,7,0
ENSG00000224279,0,0,0,2,0,0
ENSG00000184949,78,83,42,31,20,32
ENSG00000100211,68,46,76,31,49,43
ENSG00000230912,0,2,1,0,0,0
ENSG00000228274,13,16,11,12,12,12
ENSG00000100216,353,218,309,104,134,102
ENSG00000100221,506,400,413,287,311,260
ENSG00000100226,667,354,489,283,363,279
ENSG00000100242,706,393,632,829,1071,907
ENSG00000244491,4,7,1,0,0,2
ENSG00000230149,11,2,2,0,0,0
ENSG00000273096,1,2,2,1,1,2
ENSG00000225450,6,1,7,0,0,0
ENSG00000272669,8,16,14,2,0,0
ENSG00000273076,4,0,4,0,0,0
ENSG00000100246,88,34,52,37,85,66
ENSG00000221890,137,118,99,777,889,787
ENSG00000183741,721,472,599,1476,1750,1664
ENSG00000179750,44,39,29,2,0,0
ENSG00000244509,157,89,115,7,6,6
ENSG00000243811,29,13,17,2,2,4
ENSG00000128394,20,11,13,2,1,0
ENSG00000239713,77,48,44,8,8,6
ENSG00000100307,51,50,55,532,721,610
ENSG00000279833,0,1,0,0,0,0
ENSG00000100311,78,50,84,62,82,55
ENSG00000224794,0,0,1,0,0,0
ENSG00000100316,8001,4786,6065,1311,1512,1436
ENSG00000209482,7,7,3,3,0,0
ENSG00000100321,107,95,83,1520,1988,1728
ENSG00000280216,0,0,0,2,4,4
ENSG00000100324,161,138,170,196,174,137
ENSG00000128268,66,28,46,512,652,547
ENSG00000227188,0,1,0,0,0,0
ENSG00000100335,613,323,402,186,237,225
ENSG00000128272,2705,1637,2129,575,710,611
ENSG00000187051,256,188,190,139,176,140
ENSG00000100346,4,5,0,207,270,266
ENSG00000176177,4,0,6,0,0,0
ENSG00000226085,8,16,8,2,10,12
ENSG00000100351,124,88,88,2,0,2
ENSG00000225528,16,2,14,0,0,0
ENSG00000133477,56,38,26,0,2,12
ENSG00000261202,0,0,4,0,6,0
ENSG00000100354,1038,638,805,1157,1356,1170
ENSG00000239900,697,411,487,91,102,99
ENSG00000100359,360,210,313,247,313,256
ENSG00000229999,0,1,0,0,0,0
ENSG00000196588,251,147,182,265,257,195
ENSG00000272834,0,0,2,0,0,0
ENSG00000232564,0,0,2,0,0,0
ENSG00000230071,16,8,22,2,4,2
ENSG00000231907,0,2,0,0,2,0
ENSG00000128285,0,6,2,24,42,34
ENSG00000100372,235,187,232,73,78,80
ENSG00000230769,10,2,1,2,2,6
ENSG00000266594,2,0,1,0,0,0
ENSG00000100380,1767,1268,1524,767,947,916
ENSG00000196236,313,223,255,62,91,78
ENSG00000273979,0,0,4,0,0,0
ENSG00000200683,0,0,2,0,0,0
ENSG00000100387,250,151,174,99,139,114
ENSG00000100393,1152,659,824,623,811,822
ENSG00000252859,0,2,0,0,0,0
ENSG00000232754,1,1,0,0,1,0
ENSG00000215771,0,0,0,0,2,0
ENSG00000100395,293,220,202,183,219,171
ENSG00000235513,2,2,6,13,16,17
ENSG00000100399,2,2,2,72,81,83
ENSG00000100401,908,578,764,503,625,516
ENSG00000100403,902,567,748,833,1060,951
ENSG00000167074,86,67,56,668,767,681
ENSG00000199865,0,0,0,0,1,0
ENSG00000273424,8,1,0,0,0,2
ENSG00000183864,341,228,285,400,547,388
ENSG00000100410,269,157,171,65,68,32
ENSG00000100412,704,470,562,874,1092,960
ENSG00000100413,310,175,228,231,215,218
ENSG00000172346,8,4,0,140,183,125
ENSG00000100417,124,68,57,62,84,108
ENSG00000100418,374,260,264,252,367,318
ENSG00000196419,2865,1939,2242,726,831,753
ENSG00000100138,723,433,579,334,402,357
ENSG00000184208,113,92,98,68,72,64
ENSG00000167077,13,3,4,2,9,2
ENSG00000100147,75,46,57,18,39,37
ENSG00000184068,6,0,2,4,6,4
ENSG00000198911,1228,754,1069,961,1320,1108
ENSG00000207932,0,0,0,0,1,0
ENSG00000234965,0,0,6,62,58,28
ENSG00000159958,23,18,24,10,4,6
ENSG00000100162,128,67,98,0,6,2
ENSG00000205704,0,2,2,56,31,42
ENSG00000100167,112,78,113,1488,1865,1774
ENSG00000183066,16,17,12,30,19,19
ENSG00000198951,287,209,261,55,73,104
ENSG00000177096,12,7,12,18,4,8
ENSG00000183172,48,29,46,49,82,68
ENSG00000184983,331,215,249,123,192,148
ENSG00000270083,13,3,2,0,0,2
ENSG00000237037,14,10,17,16,35,36
ENSG00000100197,10,8,4,0,2,5
ENSG00000227370,3,0,8,1,0,1
ENSG00000232710,6,0,2,0,4,0
ENSG00000281538,3,2,6,9,11,14
ENSG00000205702,2,5,15,5,15,10
ENSG00000226450,11,10,11,3,4,5
ENSG00000100207,909,562,704,410,517,417
ENSG00000182057,20,8,8,0,2,0
ENSG00000233903,14,6,8,0,0,0
ENSG00000273366,10,2,6,0,0,0
ENSG00000229891,4,8,2,2,6,10
ENSG00000235568,16,18,18,10,10,22
ENSG00000230107,2,2,3,0,0,0
ENSG00000172250,0,0,1,4,2,0
ENSG00000189306,335,184,258,124,191,179
ENSG00000183569,20,9,14,0,10,8
ENSG00000182841,112,92,92,43,59,45
ENSG00000202058,500,824,754,568,636,456
ENSG00000100227,523,333,418,277,307,299
ENSG00000270022,7,4,5,2,0,0
ENSG00000100243,748,498,611,247,330,265
ENSG00000249222,4,0,0,0,6,1
ENSG00000128274,72,44,49,16,10,4
ENSG00000234009,0,0,2,0,0,0
ENSG00000274717,2,2,1,0,0,2
ENSG00000242247,359,283,254,103,128,86
ENSG00000100266,506,341,431,221,249,219
ENSG00000226989,1,0,0,0,2,0
ENSG00000230319,0,5,0,0,2,0
ENSG00000100271,25,26,40,43,71,57
ENSG00000100290,6,9,10,0,2,1
ENSG00000100294,84,53,67,37,53,50
ENSG00000100300,270,171,222,24,20,26
ENSG00000100304,558,414,466,111,188,116
ENSG00000159307,19,27,13,0,14,6
ENSG00000236117,2,2,0,0,0,0
ENSG00000186732,2,4,5,244,307,273
ENSG00000223843,0,2,0,2,2,0
ENSG00000186976,10,4,5,64,84,69
ENSG00000233157,0,0,2,2,0,2
ENSG00000261251,3,6,10,6,4,8
ENSG00000130540,10,12,6,579,668,573
ENSG00000100341,0,4,0,6,4,4
ENSG00000100344,84,67,71,11,9,8
ENSG00000100347,252,221,199,83,89,93
ENSG00000224856,0,0,3,0,1,0
ENSG00000188677,317,263,280,134,175,132
ENSG00000279175,20,14,20,6,12,8
ENSG00000280434,35,27,15,6,14,10
ENSG00000138964,61,56,42,32,28,24
ENSG00000280011,6,6,4,0,2,0
ENSG00000138944,322,220,265,295,408,350
ENSG00000188636,474,296,360,348,519,346
ENSG00000215333,0,2,0,0,0,0
ENSG00000187012,0,2,0,0,0,0
ENSG00000186654,49,37,30,19,10,12
ENSG00000248405,2,2,0,0,2,0
ENSG00000241484,11,10,6,4,2,4
ENSG00000056487,31,28,23,27,25,13
ENSG00000230922,9,8,3,2,10,0
ENSG00000226328,64,57,54,53,48,61
ENSG00000273243,11,3,7,2,5,0
ENSG00000093000,809,574,635,254,323,295
ENSG00000273353,0,2,0,0,0,0
ENSG00000100364,515,326,377,612,718,622
ENSG00000221598,0,1,0,0,1,5
ENSG00000273287,0,0,0,2,6,2
ENSG00000100373,4,2,2,0,0,0
ENSG00000100376,215,125,190,99,96,94
ENSG00000077935,10,13,10,0,0,0
ENSG00000128408,23,19,7,0,8,2
ENSG00000077942,241,184,227,84,94,66
ENSG00000238120,6,1,0,0,0,0
ENSG00000251985,1,0,0,0,0,0
ENSG00000280383,61,20,54,30,37,26
ENSG00000130638,376,298,346,386,503,491
ENSG00000264160,0,1,2,1,0,0
ENSG00000235347,0,1,0,0,0,0
ENSG00000279954,0,4,0,0,8,6
ENSG00000188064,18,16,28,13,21,12
ENSG00000280424,2,6,2,4,0,0
ENSG00000273145,2,11,8,0,0,0
ENSG00000231711,14,10,16,10,24,14
ENSG00000182257,2,2,0,4,0,2
ENSG00000273289,0,0,0,7,14,6
ENSG00000241990,24,9,18,11,23,11
ENSG00000197182,117,99,93,152,255,167
ENSG00000231010,0,0,1,0,0,0
ENSG00000235159,5,6,2,6,5,5
ENSG00000266533,7,2,2,2,4,2
ENSG00000186951,379,280,274,129,194,160
ENSG00000280384,6,9,8,0,2,2
ENSG00000205643,51,22,36,30,24,21
ENSG00000130943,0,2,0,2,0,2
ENSG00000075234,175,133,158,54,53,38
ENSG00000277232,3,0,4,2,2,6
ENSG00000075218,282,209,229,4,4,2
ENSG00000100416,362,206,258,126,153,149
ENSG00000075275,485,267,382,0,4,0
ENSG00000234869,0,15,2,0,0,0
ENSG00000075240,310,191,267,192,207,148
ENSG00000100422,581,369,477,409,486,529
ENSG00000260708,28,24,30,4,12,24
ENSG00000054611,154,98,143,75,101,90
ENSG00000280312,2,2,0,2,2,0
ENSG00000224715,0,2,0,0,2,0
ENSG00000205634,10,4,2,12,10,2
ENSG00000224271,54,49,36,14,15,15
ENSG00000230345,3,6,0,2,0,0
ENSG00000279712,14,22,28,8,6,6
ENSG00000219438,36,32,28,278,322,302
ENSG00000205632,0,6,3,13,17,13
ENSG00000280199,0,4,0,0,0,0
ENSG00000188511,62,43,44,4,8,4
ENSG00000280224,0,3,0,0,0,0
ENSG00000213279,13,2,11,0,0,0
ENSG00000235111,34,24,16,2,0,2
ENSG00000214727,0,2,0,0,0,0
ENSG00000100425,368,236,310,181,225,201
ENSG00000260613,1,0,0,0,2,2
ENSG00000100426,362,286,303,58,83,90
ENSG00000182858,188,89,131,73,118,131
ENSG00000273192,6,2,8,0,8,2
ENSG00000184164,134,119,107,60,80,83
ENSG00000278869,2,7,4,0,0,0
ENSG00000198355,314,200,229,95,115,109
ENSG00000188263,0,3,2,0,2,2
ENSG00000100427,26,20,23,593,644,613
ENSG00000073146,0,8,1,13,12,4
ENSG00000280395,0,0,0,2,0,0
ENSG00000073150,16,14,12,114,135,146
ENSG00000170638,226,168,189,48,58,44
ENSG00000273188,0,0,0,4,12,4
ENSG00000273253,6,1,7,28,39,20
ENSG00000073169,148,74,134,107,134,67
ENSG00000273137,0,0,4,4,0,2
ENSG00000128159,545,345,404,487,570,474
ENSG00000100429,13,10,7,6,13,19
ENSG00000188130,220,134,224,117,113,109
ENSG00000185386,45,44,55,123,180,156
ENSG00000196576,942,568,734,473,589,492
ENSG00000205593,79,37,50,150,233,155
ENSG00000227484,2,0,0,0,2,0
ENSG00000279182,0,0,0,0,2,0
ENSG00000100239,402,276,338,314,452,483
ENSG00000100241,1048,666,827,1346,1667,1378
ENSG00000128165,54,42,62,0,2,2
ENSG00000100253,2,2,2,0,0,0
ENSG00000100258,344,224,323,113,145,137
ENSG00000025770,438,249,348,172,179,158
ENSG00000130489,79,48,76,10,38,12
ENSG00000272821,23,7,27,30,48,34
ENSG00000025708,88,36,43,23,25,34
ENSG00000177989,14,14,17,6,16,7
ENSG00000272666,0,2,0,0,0,0
ENSG00000226738,8,3,0,0,0,0
ENSG00000130487,6,14,2,0,0,2
ENSG00000217442,0,0,0,0,0,2
ENSG00000205560,11,10,8,7,4,5
ENSG00000254413,6,8,8,0,7,5
ENSG00000100288,13,7,6,7,8,3
ENSG00000205559,1,1,2,10,2,4
ENSG00000272940,2,4,2,0,2,4
ENSG00000008735,26,34,18,811,1080,956
ENSG00000100299,121,91,104,102,108,126
ENSG00000251322,84,48,69,717,890,731
ENSG00000225929,0,2,0,0,2,0
ENSG00000100312,0,2,0,0,0,0
ENSG00000184319,61,43,64,81,118,106
ENSG00000079974,133,97,101,146,123,109
ERCC-00002,39979,25974,33988,37888,47255,42219
ERCC-00003,3484,2196,2676,2902,3168,3036
ERCC-00004,9180,6664,7382,910,1076,994
ERCC-00009,1384,954,1108,638,778,708
ERCC-00012,2,0,0,0,0,0
ERCC-00013,4,4,0,0,0,0
ERCC-00014,20,4,16,26,20,8
ERCC-00017,0,0,2,0,0,0
ERCC-00019,26,22,24,6,10,4
ERCC-00022,402,198,306,298,328,326
ERCC-00025,266,194,214,160,158,120
ERCC-00028,12,16,10,4,0,0
ERCC-00031,8,0,0,0,2,8
ERCC-00033,0,0,6,0,0,0
ERCC-00034,38,14,36,16,32,24
ERCC-00035,256,130,202,94,156,114
ERCC-00039,8,6,2,2,2,6
ERCC-00040,0,0,2,0,0,0
ERCC-00041,0,0,0,0,2,2
ERCC-00042,1462,1062,1346,658,758,682
ERCC-00043,2178,1450,1732,1708,1958,1846
ERCC-00044,360,206,256,220,324,242
ERCC-00046,3811,2504,2936,3148,3340,3166
ERCC-00051,18,10,4,4,0,4
ERCC-00053,54,58,68,28,34,22
ERCC-00054,6,0,2,4,4,6
ERCC-00058,2,6,6,2,14,10
ERCC-00059,28,14,12,22,16,30
ERCC-00060,472,334,336,186,202,200
ERCC-00062,192,114,156,26,24,8
ERCC-00067,2,0,4,0,0,4
ERCC-00069,6,2,2,2,12,8
ERCC-00071,134,64,100,78,96,64
ERCC-00073,2,2,0,2,0,0
ERCC-00074,31369,23232,26352,20972,24812,22943
ERCC-00076,255,150,194,198,282,242
ERCC-00077,0,4,2,2,0,0
ERCC-00078,90,50,64,82,100,110
ERCC-00079,90,56,68,56,78,96
ERCC-00084,92,50,60,54,68,82
ERCC-00085,24,4,22,4,4,0
ERCC-00092,700,512,612,66,110,82
ERCC-00095,330,224,250,40,60,40
ERCC-00096,44007,28867,36407,20708,25716,22638
ERCC-00097,4,0,0,0,0,0
ERCC-00099,32,26,40,36,34,22
ERCC-00104,0,4,0,0,0,2
ERCC-00108,1846,1228,1668,218,222,250
ERCC-00109,0,4,0,0,0,0
ERCC-00111,1320,962,1110,1046,1254,996
ERCC-00112,428,316,326,360,488,444
ERCC-00113,9866,6685,8544,7096,8591,7780
ERCC-00116,2050,1418,2014,300,288,286
ERCC-00120,0,0,0,2,0,0
ERCC-00126,26,4,22,6,6,10
ERCC-00130,69774,44885,57147,8084,10675,8764
ERCC-00131,306,182,268,38,72,40
ERCC-00134,0,0,0,0,0,2
ERCC-00136,4445,3058,3596,518,604,486
ERCC-00137,2,4,0,0,0,0
ERCC-00138,0,2,0,2,0,0
ERCC-00142,0,2,0,0,0,0
ERCC-00143,8,10,6,0,6,2
ERCC-00144,20,10,8,2,2,8
ERCC-00145,1546,980,1216,972,1380,1117
ERCC-00148,6,2,10,2,0,10
ERCC-00150,4,8,0,0,6,2
ERCC-00154,2,14,8,2,0,2
ERCC-00157,26,24,24,22,18,30
ERCC-00158,2,2,4,0,0,4
ERCC-00160,26,18,20,16,42,28
ERCC-00162,100,74,66,56,44,54
ERCC-00163,12,8,18,10,14,26
ERCC-00164,0,0,0,0,2,0
ERCC-00165,102,56,74,66,128,80
ERCC-00168,0,2,0,4,2,2
ERCC-00170,36,28,30,2,4,6
ERCC-00171,3806,2672,3316,1836,2504,2114
